id,world
49079,rockne
49459,rockne
49195,rockne
49048,rockne
49049,rockne
49477,rockne
49196,rockne
49324,rockne
49050,rockne
49142,rockne
49231,rockne
49197,rockne
49486,rockne
49207,rockne
49250,rockne
49080,rockne
49036,rockne
48968,rockne
48986,rockne
49061,rockne
49518,rockne
49492,rockne
48980,rockne
49558,rockne
49097,rockne
49181,rockne
49147,rockne
49307,rockne
49407,rockne
49267,rockne
49533,rockne
49385,rockne
49213,rockne
49172,rockne
49336,rockne
49498,rockne
49478,rockne
49177,rockne
49487,rockne
49567,rockne
49559,rockne
49418,rockne
49532,rockne
49110,rockne
49251,rockne
48999,rockne
49160,rockne
49214,rockne
49506,rockne
49381,rockne
49545,rockne
49201,rockne
48967,rockne
49023,rockne
49488,rockne
49031,rockne
49183,rockne
49225,rockne
49401,rockne
49311,rockne
49448,rockne
49004,rockne
49446,rockne
49116,rockne
49534,rockne
49564,rockne
49241,rockne
49552,rockne
49465,rockne
49290,rockne
49242,rockne
49466,rockne
49546,rockne
49184,rockne
49430,rockne
48961,rockne
49085,rockne
49482,rockne
49255,rockne
49122,rockne
49226,rockne
49034,rockne
49096,rockne
49273,rockne
49268,rockne
49312,rockne
49117,rockne
49295,rockne
49149,rockne
49035,rockne
49189,rockne
49208,rockne
49032,rockne
49543,rockne
49410,rockne
49434,rockne
49232,rockne
49320,rockne
49123,rockne
49350,rockne
49024,rockne
49496,rockne
49560,rockne
49178,rockne
49148,rockne
49104,rockne
49190,rockne
49029,rockne
49570,rockne
49025,rockne
49408,rockne
49544,rockne
49414,rockne
49325,rockne
49067,rockne
49237,rockne
49348,rockne
49256,rockne
49313,rockne
49402,rockne
49150,rockne
49415,rockne
49238,rockne
49363,rockne
49073,rockne
49111,rockne
49042,rockne
49301,rockne
49389,rockne
49395,rockne
49380,rockne
49081,rockne
49527,rockne
49447,rockne
49118,rockne
49507,rockne
49179,rockne
49043,rockne
49547,rockne
49086,rockne
49571,rockne
49173,rockne
49330,rockne
49497,rockne
49512,rockne
49524,rockne
49269,rockne
49202,rockne
49412,rockne
49445,rockne
49019,rockne
49155,rockne
49411,rockne
49124,rockne
49460,rockne
49291,rockne
49217,rockne
49314,rockne
49252,rockne
49528,rockne
49037,rockne
49511,rockne
49053,rockne
49432,rockne
49151,rockne
49038,rockne
49125,rockne
49473,rockne
49054,rockne
49519,rockne
49270,rockne
49174,rockne
49553,rockne
49568,rockne
49548,rockne
49561,rockne
49215,rockne
49565,rockne
49247,rockne
49419,rockne
49253,rockne
49062,rockne
49302,rockne
49143,rockne
49026,rockne
49539,rockne
49068,rockne
49056,rockne
49239,rockne
49130,rockne
49440,rockne
49315,rockne
49303,rockne
49420,rockne
49483,rockne
49227,rockne
49322,rockne
49452,rockne
49337,rockne
49011,rockne
49180,rockne
49012,rockne
49119,rockne
49360,rockne
49392,rockne
49166,rockne
49144,rockne
49051,rockne
49396,rockne
49409,rockne
49435,rockne
49535,rockne
49126,rockne
49513,rockne
49331,rockne
49316,rockne
49161,rockne
49219,rockne
49377,rockne
49292,rockne
49298,rockne
49233,rockne
49326,rockne
49554,rockne
49112,rockne
49416,rockne
49386,rockne
49338,rockne
49175,rockne
49296,rockne
49555,rockne
49332,rockne
49387,rockne
49471,rockne
49243,rockne
49505,rockne
49244,rockne
49514,rockne
49095,rockne
49489,rockne
49185,rockne
49304,rockne
48981,rockne
48998,rockne
49186,rockne
49327,rockne
49319,rockne
49176,rockne
49203,rockne
49254,rockne
49113,rockne
49274,rockne
49540,rockne
49393,rockne
49349,rockne
49467,rockne
49367,rockne
49321,rockne
49275,rockne
49218,rockne
49204,rockne
49127,rockne
49305,rockne
49045,rockne
49529,rockne
49520,rockne
49490,rockne
49461,rockne
49271,rockne
49375,rockne
49352,rockne
49057,rockne
48987,rockne
49209,rockne
49456,rockne
49293,rockne
49114,rockne
49287,rockne
49257,rockne
49098,rockne
49499,rockne
49308,rockne
48982,rockne
49052,rockne
49091,rockne
49017,rockne
49087,rockne
49549,rockne
49424,rockne
49454,rockne
49220,rockne
49333,rockne
49033,rockne
49297,rockne
49421,rockne
49228,rockne
49536,rockne
49128,rockne
49397,rockne
49537,rockne
49276,rockne
49462,rockne
48992,rockne
49472,rockne
49046,rockne
49572,rockne
49413,rockne
49422,rockne
49515,rockne
49156,rockne
49288,rockne
49099,rockne
49289,rockne
49074,rockne
49441,rockne
49453,rockne
49383,rockne
49521,rockne
49105,rockne
49088,rockne
49047,rockne
49353,rockne
49058,rockne
49135,rockne
49234,rockne
49262,rockne
49538,rockne
49357,rockne
49378,rockne
49240,rockne
49457,rockne
49169,rockne
49318,rockne
48962,rockne
49541,rockne
49063,rockne
49493,rockne
49245,rockne
49358,rockne
49089,rockne
49136,rockne
49263,rockne
49449,rockne
49055,rockne
49468,rockne
49030,rockne
49530,rockne
49359,rockne
49300,rockne
49248,rockne
49131,rockne
49258,rockne
49364,rockne
49550,rockne
49425,rockne
49229,rockne
49259,rockne
49221,rockne
49339,rockne
49426,rockne
49522,rockne
49494,rockne
49431,rockne
49299,rockne
49335,rockne
49198,rockne
49455,rockne
49398,rockne
49005,rockne
49006,rockne
49020,rockne
49508,rockne
49272,rockne
49474,rockne
49120,rockne
49417,rockne
49187,rockne
49121,rockne
49423,rockne
49100,rockne
49399,rockne
49021,rockne
49075,rockne
49069,rockne
49491,rockne
49013,rockne
49372,rockne
49502,rockne
49022,rockne
49092,rockne
49500,rockne
49076,rockne
49141,rockne
49516,rockne
49101,rockne
49145,rockne
49562,rockne
49132,rockne
49451,rockne
49551,rockne
49566,rockne
49394,rockne
48972,rockne
49323,rockne
49222,rockne
49009,rockne
49531,rockne
49495,rockne
49427,rockne
49309,rockne
49328,rockne
49340,rockne
49077,rockne
49341,rockne
49400,rockne
49390,rockne
49171,rockne
49082,rockne
49083,rockne
49369,rockne
49310,rockne
49503,rockne
49010,rockne
49170,rockne
49039,rockne
49223,rockne
49192,rockne
49277,rockne
49388,rockne
49210,rockne
49260,rockne
48997,rockne
49090,rockne
49211,rockne
49370,rockne
49469,rockne
49294,rockne
49137,rockne
49138,rockne
49133,rockne
49428,rockne
49379,rockne
49376,rockne
49371,rockne
48983,rockne
48969,rockne
48984,rockne
49070,rockne
49504,rockne
48966,rockne
48971,rockne
49065,rockne
49368,rockne
49078,rockne
49107,rockne
49556,rockne
49346,rockne
49165,rockne
49342,rockne
49403,rockne
49436,rockne
49191,rockne
49059,rockne
48976,rockne
48974,rockne
49008,rockne
49373,rockne
48993,rockne
49351,rockne
49523,rockne
49361,rockne
49164,rockne
48979,rockne
49264,rockne
48988,rockne
48989,rockne
49345,rockne
49442,rockne
49306,rockne
49157,rockne
49437,rockne
49199,rockne
49366,rockne
49158,rockne
49354,rockne
49501,rockne
49103,rockne
49355,rockne
48985,rockne
49163,rockne
49093,rockne
48996,rockne
49463,rockne
49479,rockne
49162,rockne
49433,rockne
49007,rockne
49443,rockne
49001,rockne
49071,rockne
49152,rockne
49480,rockne
48994,rockne
49018,rockne
49362,rockne
49167,rockne
48963,rockne
49027,rockne
49343,rockne
49246,rockne
49265,rockne
49438,rockne
49444,rockne
49134,rockne
49404,rockne
48978,rockne
49481,rockne
49347,rockne
48970,rockne
49374,rockne
49563,rockne
49044,rockne
49391,rockne
48975,rockne
49168,rockne
49000,rockne
49261,rockne
49382,rockne
49365,rockne
49002,rockne
49153,rockne
48964,rockne
49066,rockne
49064,rockne
49279,rockne
49280,rockne
49356,rockne
49285,rockne
49281,rockne
49282,rockne
49283,rockne
49286,rockne
49284,rockne
49003,rockne
49129,rockne
48973,rockne
48991,rockne
48990,rockne
48995,rockne
49146,rockne
49072,rockne
49405,rockne
48977,rockne
49439,rockne
49406,rockne
49159,rockne
49509,rockne
49510,rockne
49235,rockne
49429,rockne
49154,rockne
49188,rockne
49094,rockne
49193,rockne
49249,rockne
48965,rockne
49557,rockne
49106,rockne
49060,rockne
49194,rockne
49450,rockne
49230,rockne
49216,rockne
49115,rockne
49108,rockne
49084,rockne
49109,rockne
49344,rockne
49475,rockne
49476,rockne
49040,rockne
49139,rockne
49014,rockne
49015,rockne
49384,rockne
49200,rockne
49458,rockne
49484,rockne
49464,rockne
49485,rockne
49205,rockne
49278,rockne
49569,rockne
49182,rockne
49266,rockne
49525,rockne
49334,rockne
49329,rockne
49526,rockne
49224,rockne
49212,rockne
49542,rockne
49470,rockne
49102,rockne
49517,rockne
49317,rockne
49236,rockne
49041,rockne
49140,rockne
49206,rockne
49028,rockne
49016,rockne
49691,camp
50071,camp
49807,camp
49660,camp
49661,camp
50089,camp
49808,camp
49936,camp
49662,camp
49754,camp
49843,camp
49809,camp
50098,camp
49819,camp
49862,camp
49692,camp
49648,camp
49580,camp
49598,camp
49673,camp
50130,camp
50104,camp
49592,camp
50170,camp
49709,camp
49793,camp
49759,camp
49919,camp
50019,camp
49879,camp
50145,camp
49997,camp
49825,camp
49784,camp
49948,camp
50110,camp
50090,camp
49789,camp
50099,camp
50179,camp
50171,camp
50030,camp
50144,camp
49722,camp
49863,camp
49611,camp
49772,camp
49826,camp
50118,camp
49993,camp
50157,camp
49813,camp
49579,camp
49635,camp
50100,camp
49643,camp
49795,camp
49837,camp
50013,camp
49923,camp
50060,camp
49616,camp
50058,camp
49728,camp
50146,camp
50176,camp
49853,camp
50164,camp
50077,camp
49902,camp
49854,camp
50078,camp
50158,camp
49796,camp
50042,camp
49573,camp
49697,camp
50094,camp
49867,camp
49734,camp
49838,camp
49646,camp
49708,camp
49885,camp
49880,camp
49924,camp
49729,camp
49907,camp
49761,camp
49647,camp
49801,camp
49820,camp
49644,camp
50155,camp
50022,camp
50046,camp
49844,camp
49932,camp
49735,camp
49962,camp
49636,camp
50108,camp
50172,camp
49790,camp
49760,camp
49716,camp
49802,camp
49641,camp
50182,camp
49637,camp
50020,camp
50156,camp
50026,camp
49937,camp
49679,camp
49849,camp
49960,camp
49868,camp
49925,camp
50014,camp
49762,camp
50027,camp
49850,camp
49975,camp
49685,camp
49723,camp
49654,camp
49913,camp
50001,camp
50007,camp
49992,camp
49693,camp
50139,camp
50059,camp
49730,camp
50119,camp
49791,camp
49655,camp
50159,camp
49698,camp
50183,camp
49785,camp
49942,camp
50109,camp
50124,camp
50136,camp
49881,camp
49814,camp
50024,camp
50057,camp
49631,camp
49767,camp
50023,camp
49736,camp
50072,camp
49903,camp
49829,camp
49926,camp
49864,camp
50140,camp
49649,camp
50123,camp
49665,camp
50044,camp
49763,camp
49650,camp
49737,camp
50085,camp
49666,camp
50131,camp
49882,camp
49786,camp
50165,camp
50180,camp
50160,camp
50173,camp
49827,camp
50177,camp
49859,camp
50031,camp
49865,camp
49674,camp
49914,camp
49755,camp
49638,camp
50151,camp
49680,camp
49668,camp
49851,camp
49742,camp
50052,camp
49927,camp
49915,camp
50032,camp
50095,camp
49839,camp
49934,camp
50064,camp
49949,camp
49623,camp
49792,camp
49624,camp
49731,camp
49972,camp
50004,camp
49778,camp
49756,camp
49663,camp
50008,camp
50021,camp
50047,camp
50147,camp
49738,camp
50125,camp
49943,camp
49928,camp
49773,camp
49831,camp
49989,camp
49904,camp
49910,camp
49845,camp
49938,camp
50166,camp
49724,camp
50028,camp
49998,camp
49950,camp
49787,camp
49908,camp
50167,camp
49944,camp
49999,camp
50083,camp
49855,camp
50117,camp
49856,camp
50126,camp
49707,camp
50101,camp
49797,camp
49916,camp
49593,camp
49610,camp
49798,camp
49939,camp
49931,camp
49788,camp
49815,camp
49866,camp
49725,camp
49886,camp
50152,camp
50005,camp
49961,camp
50079,camp
49979,camp
49933,camp
49887,camp
49830,camp
49816,camp
49739,camp
49917,camp
49657,camp
50141,camp
50132,camp
50102,camp
50073,camp
49883,camp
49987,camp
49964,camp
49669,camp
49599,camp
49821,camp
50068,camp
49905,camp
49726,camp
49899,camp
49869,camp
49710,camp
50111,camp
49920,camp
49594,camp
49664,camp
49703,camp
49629,camp
49699,camp
50161,camp
50036,camp
50066,camp
49832,camp
49945,camp
49645,camp
49909,camp
50033,camp
49840,camp
50148,camp
49740,camp
50009,camp
50149,camp
49888,camp
50074,camp
49604,camp
50084,camp
49658,camp
50184,camp
50025,camp
50034,camp
50127,camp
49768,camp
49900,camp
49711,camp
49901,camp
49686,camp
50053,camp
50065,camp
49995,camp
50133,camp
49717,camp
49700,camp
49659,camp
49965,camp
49670,camp
49747,camp
49846,camp
49874,camp
50150,camp
49969,camp
49990,camp
49852,camp
50069,camp
49781,camp
49930,camp
49574,camp
50153,camp
49675,camp
50105,camp
49857,camp
49970,camp
49701,camp
49748,camp
49875,camp
50061,camp
49667,camp
50080,camp
49642,camp
50142,camp
49971,camp
49912,camp
49860,camp
49743,camp
49870,camp
49976,camp
50162,camp
50037,camp
49841,camp
49871,camp
49833,camp
49951,camp
50038,camp
50134,camp
50106,camp
50043,camp
49911,camp
49947,camp
49810,camp
50067,camp
50010,camp
49617,camp
49618,camp
49632,camp
50120,camp
49884,camp
50086,camp
49732,camp
50029,camp
49799,camp
49733,camp
50035,camp
49712,camp
50011,camp
49633,camp
49687,camp
49681,camp
50103,camp
49625,camp
49984,camp
50114,camp
49634,camp
49704,camp
50112,camp
49688,camp
49753,camp
50128,camp
49713,camp
49757,camp
50174,camp
49744,camp
50063,camp
50163,camp
50178,camp
50006,camp
49584,camp
49935,camp
49834,camp
49621,camp
50143,camp
50107,camp
50039,camp
49921,camp
49940,camp
49952,camp
49689,camp
49953,camp
50012,camp
50002,camp
49783,camp
49694,camp
49695,camp
49981,camp
49922,camp
50115,camp
49622,camp
49782,camp
49651,camp
49835,camp
49804,camp
49889,camp
50000,camp
49822,camp
49872,camp
49609,camp
49702,camp
49823,camp
49982,camp
50081,camp
49906,camp
49749,camp
49750,camp
49745,camp
50040,camp
49991,camp
49988,camp
49983,camp
49595,camp
49581,camp
49596,camp
49682,camp
50116,camp
49578,camp
49583,camp
49677,camp
49980,camp
49690,camp
49719,camp
50168,camp
49958,camp
49777,camp
49954,camp
50015,camp
50048,camp
49803,camp
49671,camp
49588,camp
49586,camp
49620,camp
49985,camp
49605,camp
49963,camp
50135,camp
49973,camp
49776,camp
49591,camp
49876,camp
49600,camp
49601,camp
49957,camp
50054,camp
49918,camp
49769,camp
50049,camp
49811,camp
49978,camp
49770,camp
49966,camp
50113,camp
49715,camp
49967,camp
49597,camp
49775,camp
49705,camp
49608,camp
50075,camp
50091,camp
49774,camp
50045,camp
49619,camp
50055,camp
49613,camp
49683,camp
49764,camp
50092,camp
49606,camp
49630,camp
49974,camp
49779,camp
49575,camp
49639,camp
49955,camp
49858,camp
49877,camp
50050,camp
50056,camp
49746,camp
50016,camp
49590,camp
50093,camp
49959,camp
49582,camp
49986,camp
50175,camp
49656,camp
50003,camp
49587,camp
49780,camp
49612,camp
49873,camp
49994,camp
49977,camp
49614,camp
49765,camp
49576,camp
49678,camp
49676,camp
49891,camp
49892,camp
49968,camp
49897,camp
49893,camp
49894,camp
49895,camp
49898,camp
49896,camp
49615,camp
49741,camp
49585,camp
49603,camp
49602,camp
49607,camp
49758,camp
49684,camp
50017,camp
49589,camp
50051,camp
50018,camp
49771,camp
50121,camp
50122,camp
49847,camp
50041,camp
49766,camp
49800,camp
49706,camp
49805,camp
49861,camp
49577,camp
50169,camp
49718,camp
49672,camp
49806,camp
50062,camp
49842,camp
49828,camp
49727,camp
49720,camp
49696,camp
49721,camp
49956,camp
50087,camp
50088,camp
49652,camp
49751,camp
49626,camp
49627,camp
49996,camp
49812,camp
50070,camp
50096,camp
50076,camp
50097,camp
49817,camp
49890,camp
50181,camp
49794,camp
49878,camp
50137,camp
49946,camp
49941,camp
50138,camp
49836,camp
49824,camp
50154,camp
50082,camp
49714,camp
50129,camp
49929,camp
49848,camp
49653,camp
49752,camp
49818,camp
49640,camp
49628,camp
50303,bryant
50683,bryant
50419,bryant
50272,bryant
50273,bryant
50701,bryant
50420,bryant
50548,bryant
50274,bryant
50366,bryant
50455,bryant
50421,bryant
50710,bryant
50431,bryant
50474,bryant
50304,bryant
50260,bryant
50192,bryant
50210,bryant
50285,bryant
50742,bryant
50716,bryant
50204,bryant
50782,bryant
50321,bryant
50405,bryant
50371,bryant
50531,bryant
50631,bryant
50491,bryant
50757,bryant
50609,bryant
50437,bryant
50396,bryant
50560,bryant
50722,bryant
50702,bryant
50401,bryant
50711,bryant
50791,bryant
50783,bryant
50642,bryant
50756,bryant
50334,bryant
50475,bryant
50223,bryant
50384,bryant
50438,bryant
50730,bryant
50605,bryant
50769,bryant
50425,bryant
50191,bryant
50247,bryant
50712,bryant
50255,bryant
50407,bryant
50449,bryant
50625,bryant
50535,bryant
50672,bryant
50228,bryant
50670,bryant
50340,bryant
50758,bryant
50788,bryant
50465,bryant
50776,bryant
50689,bryant
50514,bryant
50466,bryant
50690,bryant
50770,bryant
50408,bryant
50654,bryant
50185,bryant
50309,bryant
50706,bryant
50479,bryant
50346,bryant
50450,bryant
50258,bryant
50320,bryant
50497,bryant
50492,bryant
50536,bryant
50341,bryant
50519,bryant
50373,bryant
50259,bryant
50413,bryant
50432,bryant
50256,bryant
50767,bryant
50634,bryant
50658,bryant
50456,bryant
50544,bryant
50347,bryant
50574,bryant
50248,bryant
50720,bryant
50784,bryant
50402,bryant
50372,bryant
50328,bryant
50414,bryant
50253,bryant
50794,bryant
50249,bryant
50632,bryant
50768,bryant
50638,bryant
50549,bryant
50291,bryant
50461,bryant
50572,bryant
50480,bryant
50537,bryant
50626,bryant
50374,bryant
50639,bryant
50462,bryant
50587,bryant
50297,bryant
50335,bryant
50266,bryant
50525,bryant
50613,bryant
50619,bryant
50604,bryant
50305,bryant
50751,bryant
50671,bryant
50342,bryant
50731,bryant
50403,bryant
50267,bryant
50771,bryant
50310,bryant
50795,bryant
50397,bryant
50554,bryant
50721,bryant
50736,bryant
50748,bryant
50493,bryant
50426,bryant
50636,bryant
50669,bryant
50243,bryant
50379,bryant
50635,bryant
50348,bryant
50684,bryant
50515,bryant
50441,bryant
50538,bryant
50476,bryant
50752,bryant
50261,bryant
50735,bryant
50277,bryant
50656,bryant
50375,bryant
50262,bryant
50349,bryant
50697,bryant
50278,bryant
50743,bryant
50494,bryant
50398,bryant
50777,bryant
50792,bryant
50772,bryant
50785,bryant
50439,bryant
50789,bryant
50471,bryant
50643,bryant
50477,bryant
50286,bryant
50526,bryant
50367,bryant
50250,bryant
50763,bryant
50292,bryant
50280,bryant
50463,bryant
50354,bryant
50664,bryant
50539,bryant
50527,bryant
50644,bryant
50707,bryant
50451,bryant
50546,bryant
50676,bryant
50561,bryant
50235,bryant
50404,bryant
50236,bryant
50343,bryant
50584,bryant
50616,bryant
50390,bryant
50368,bryant
50275,bryant
50620,bryant
50633,bryant
50659,bryant
50759,bryant
50350,bryant
50737,bryant
50555,bryant
50540,bryant
50385,bryant
50443,bryant
50601,bryant
50516,bryant
50522,bryant
50457,bryant
50550,bryant
50778,bryant
50336,bryant
50640,bryant
50610,bryant
50562,bryant
50399,bryant
50520,bryant
50779,bryant
50556,bryant
50611,bryant
50695,bryant
50467,bryant
50729,bryant
50468,bryant
50738,bryant
50319,bryant
50713,bryant
50409,bryant
50528,bryant
50205,bryant
50222,bryant
50410,bryant
50551,bryant
50543,bryant
50400,bryant
50427,bryant
50478,bryant
50337,bryant
50498,bryant
50764,bryant
50617,bryant
50573,bryant
50691,bryant
50591,bryant
50545,bryant
50499,bryant
50442,bryant
50428,bryant
50351,bryant
50529,bryant
50269,bryant
50753,bryant
50744,bryant
50714,bryant
50685,bryant
50495,bryant
50599,bryant
50576,bryant
50281,bryant
50211,bryant
50433,bryant
50680,bryant
50517,bryant
50338,bryant
50511,bryant
50481,bryant
50322,bryant
50723,bryant
50532,bryant
50206,bryant
50276,bryant
50315,bryant
50241,bryant
50311,bryant
50773,bryant
50648,bryant
50678,bryant
50444,bryant
50557,bryant
50257,bryant
50521,bryant
50645,bryant
50452,bryant
50760,bryant
50352,bryant
50621,bryant
50761,bryant
50500,bryant
50686,bryant
50216,bryant
50696,bryant
50270,bryant
50796,bryant
50637,bryant
50646,bryant
50739,bryant
50380,bryant
50512,bryant
50323,bryant
50513,bryant
50298,bryant
50665,bryant
50677,bryant
50607,bryant
50745,bryant
50329,bryant
50312,bryant
50271,bryant
50577,bryant
50282,bryant
50359,bryant
50458,bryant
50486,bryant
50762,bryant
50581,bryant
50602,bryant
50464,bryant
50681,bryant
50393,bryant
50542,bryant
50186,bryant
50765,bryant
50287,bryant
50717,bryant
50469,bryant
50582,bryant
50313,bryant
50360,bryant
50487,bryant
50673,bryant
50279,bryant
50692,bryant
50254,bryant
50754,bryant
50583,bryant
50524,bryant
50472,bryant
50355,bryant
50482,bryant
50588,bryant
50774,bryant
50649,bryant
50453,bryant
50483,bryant
50445,bryant
50563,bryant
50650,bryant
50746,bryant
50718,bryant
50655,bryant
50523,bryant
50559,bryant
50422,bryant
50679,bryant
50622,bryant
50229,bryant
50230,bryant
50244,bryant
50732,bryant
50496,bryant
50698,bryant
50344,bryant
50641,bryant
50411,bryant
50345,bryant
50647,bryant
50324,bryant
50623,bryant
50245,bryant
50299,bryant
50293,bryant
50715,bryant
50237,bryant
50596,bryant
50726,bryant
50246,bryant
50316,bryant
50724,bryant
50300,bryant
50365,bryant
50740,bryant
50325,bryant
50369,bryant
50786,bryant
50356,bryant
50675,bryant
50775,bryant
50790,bryant
50618,bryant
50196,bryant
50547,bryant
50446,bryant
50233,bryant
50755,bryant
50719,bryant
50651,bryant
50533,bryant
50552,bryant
50564,bryant
50301,bryant
50565,bryant
50624,bryant
50614,bryant
50395,bryant
50306,bryant
50307,bryant
50593,bryant
50534,bryant
50727,bryant
50234,bryant
50394,bryant
50263,bryant
50447,bryant
50416,bryant
50501,bryant
50612,bryant
50434,bryant
50484,bryant
50221,bryant
50314,bryant
50435,bryant
50594,bryant
50693,bryant
50518,bryant
50361,bryant
50362,bryant
50357,bryant
50652,bryant
50603,bryant
50600,bryant
50595,bryant
50207,bryant
50193,bryant
50208,bryant
50294,bryant
50728,bryant
50190,bryant
50195,bryant
50289,bryant
50592,bryant
50302,bryant
50331,bryant
50780,bryant
50570,bryant
50389,bryant
50566,bryant
50627,bryant
50660,bryant
50415,bryant
50283,bryant
50200,bryant
50198,bryant
50232,bryant
50597,bryant
50217,bryant
50575,bryant
50747,bryant
50585,bryant
50388,bryant
50203,bryant
50488,bryant
50212,bryant
50213,bryant
50569,bryant
50666,bryant
50530,bryant
50381,bryant
50661,bryant
50423,bryant
50590,bryant
50382,bryant
50578,bryant
50725,bryant
50327,bryant
50579,bryant
50209,bryant
50387,bryant
50317,bryant
50220,bryant
50687,bryant
50703,bryant
50386,bryant
50657,bryant
50231,bryant
50667,bryant
50225,bryant
50295,bryant
50376,bryant
50704,bryant
50218,bryant
50242,bryant
50586,bryant
50391,bryant
50187,bryant
50251,bryant
50567,bryant
50470,bryant
50489,bryant
50662,bryant
50668,bryant
50358,bryant
50628,bryant
50202,bryant
50705,bryant
50571,bryant
50194,bryant
50598,bryant
50787,bryant
50268,bryant
50615,bryant
50199,bryant
50392,bryant
50224,bryant
50485,bryant
50606,bryant
50589,bryant
50226,bryant
50377,bryant
50188,bryant
50290,bryant
50288,bryant
50503,bryant
50504,bryant
50580,bryant
50509,bryant
50505,bryant
50506,bryant
50507,bryant
50510,bryant
50508,bryant
50227,bryant
50353,bryant
50197,bryant
50215,bryant
50214,bryant
50219,bryant
50370,bryant
50296,bryant
50629,bryant
50201,bryant
50663,bryant
50630,bryant
50383,bryant
50733,bryant
50734,bryant
50459,bryant
50653,bryant
50378,bryant
50412,bryant
50318,bryant
50417,bryant
50473,bryant
50189,bryant
50781,bryant
50330,bryant
50284,bryant
50418,bryant
50674,bryant
50454,bryant
50440,bryant
50339,bryant
50332,bryant
50308,bryant
50333,bryant
50568,bryant
50699,bryant
50700,bryant
50264,bryant
50363,bryant
50238,bryant
50239,bryant
50608,bryant
50424,bryant
50682,bryant
50708,bryant
50688,bryant
50709,bryant
50429,bryant
50502,bryant
50793,bryant
50406,bryant
50490,bryant
50749,bryant
50558,bryant
50553,bryant
50750,bryant
50448,bryant
50436,bryant
50766,bryant
50694,bryant
50326,bryant
50741,bryant
50541,bryant
50460,bryant
50265,bryant
50364,bryant
50430,bryant
50252,bryant
50240,bryant
50915,wilkinson
51295,wilkinson
51031,wilkinson
50884,wilkinson
50885,wilkinson
51313,wilkinson
51032,wilkinson
51160,wilkinson
50886,wilkinson
50978,wilkinson
51067,wilkinson
51033,wilkinson
51322,wilkinson
51043,wilkinson
51086,wilkinson
50916,wilkinson
50872,wilkinson
50804,wilkinson
50822,wilkinson
50897,wilkinson
51354,wilkinson
51328,wilkinson
50816,wilkinson
51394,wilkinson
50933,wilkinson
51017,wilkinson
50983,wilkinson
51143,wilkinson
51243,wilkinson
51103,wilkinson
51369,wilkinson
51221,wilkinson
51049,wilkinson
51008,wilkinson
51172,wilkinson
51334,wilkinson
51314,wilkinson
51013,wilkinson
51323,wilkinson
51403,wilkinson
51395,wilkinson
51254,wilkinson
51368,wilkinson
50946,wilkinson
51087,wilkinson
50835,wilkinson
50996,wilkinson
51050,wilkinson
51342,wilkinson
51217,wilkinson
51381,wilkinson
51037,wilkinson
50803,wilkinson
50859,wilkinson
51324,wilkinson
50867,wilkinson
51019,wilkinson
51061,wilkinson
51237,wilkinson
51147,wilkinson
51284,wilkinson
50840,wilkinson
51282,wilkinson
50952,wilkinson
51370,wilkinson
51400,wilkinson
51077,wilkinson
51388,wilkinson
51301,wilkinson
51126,wilkinson
51078,wilkinson
51302,wilkinson
51382,wilkinson
51020,wilkinson
51266,wilkinson
50797,wilkinson
50921,wilkinson
51318,wilkinson
51091,wilkinson
50958,wilkinson
51062,wilkinson
50870,wilkinson
50932,wilkinson
51109,wilkinson
51104,wilkinson
51148,wilkinson
50953,wilkinson
51131,wilkinson
50985,wilkinson
50871,wilkinson
51025,wilkinson
51044,wilkinson
50868,wilkinson
51379,wilkinson
51246,wilkinson
51270,wilkinson
51068,wilkinson
51156,wilkinson
50959,wilkinson
51186,wilkinson
50860,wilkinson
51332,wilkinson
51396,wilkinson
51014,wilkinson
50984,wilkinson
50940,wilkinson
51026,wilkinson
50865,wilkinson
51406,wilkinson
50861,wilkinson
51244,wilkinson
51380,wilkinson
51250,wilkinson
51161,wilkinson
50903,wilkinson
51073,wilkinson
51184,wilkinson
51092,wilkinson
51149,wilkinson
51238,wilkinson
50986,wilkinson
51251,wilkinson
51074,wilkinson
51199,wilkinson
50909,wilkinson
50947,wilkinson
50878,wilkinson
51137,wilkinson
51225,wilkinson
51231,wilkinson
51216,wilkinson
50917,wilkinson
51363,wilkinson
51283,wilkinson
50954,wilkinson
51343,wilkinson
51015,wilkinson
50879,wilkinson
51383,wilkinson
50922,wilkinson
51407,wilkinson
51009,wilkinson
51166,wilkinson
51333,wilkinson
51348,wilkinson
51360,wilkinson
51105,wilkinson
51038,wilkinson
51248,wilkinson
51281,wilkinson
50855,wilkinson
50991,wilkinson
51247,wilkinson
50960,wilkinson
51296,wilkinson
51127,wilkinson
51053,wilkinson
51150,wilkinson
51088,wilkinson
51364,wilkinson
50873,wilkinson
51347,wilkinson
50889,wilkinson
51268,wilkinson
50987,wilkinson
50874,wilkinson
50961,wilkinson
51309,wilkinson
50890,wilkinson
51355,wilkinson
51106,wilkinson
51010,wilkinson
51389,wilkinson
51404,wilkinson
51384,wilkinson
51397,wilkinson
51051,wilkinson
51401,wilkinson
51083,wilkinson
51255,wilkinson
51089,wilkinson
50898,wilkinson
51138,wilkinson
50979,wilkinson
50862,wilkinson
51375,wilkinson
50904,wilkinson
50892,wilkinson
51075,wilkinson
50966,wilkinson
51276,wilkinson
51151,wilkinson
51139,wilkinson
51256,wilkinson
51319,wilkinson
51063,wilkinson
51158,wilkinson
51288,wilkinson
51173,wilkinson
50847,wilkinson
51016,wilkinson
50848,wilkinson
50955,wilkinson
51196,wilkinson
51228,wilkinson
51002,wilkinson
50980,wilkinson
50887,wilkinson
51232,wilkinson
51245,wilkinson
51271,wilkinson
51371,wilkinson
50962,wilkinson
51349,wilkinson
51167,wilkinson
51152,wilkinson
50997,wilkinson
51055,wilkinson
51213,wilkinson
51128,wilkinson
51134,wilkinson
51069,wilkinson
51162,wilkinson
51390,wilkinson
50948,wilkinson
51252,wilkinson
51222,wilkinson
51174,wilkinson
51011,wilkinson
51132,wilkinson
51391,wilkinson
51168,wilkinson
51223,wilkinson
51307,wilkinson
51079,wilkinson
51341,wilkinson
51080,wilkinson
51350,wilkinson
50931,wilkinson
51325,wilkinson
51021,wilkinson
51140,wilkinson
50817,wilkinson
50834,wilkinson
51022,wilkinson
51163,wilkinson
51155,wilkinson
51012,wilkinson
51039,wilkinson
51090,wilkinson
50949,wilkinson
51110,wilkinson
51376,wilkinson
51229,wilkinson
51185,wilkinson
51303,wilkinson
51203,wilkinson
51157,wilkinson
51111,wilkinson
51054,wilkinson
51040,wilkinson
50963,wilkinson
51141,wilkinson
50881,wilkinson
51365,wilkinson
51356,wilkinson
51326,wilkinson
51297,wilkinson
51107,wilkinson
51211,wilkinson
51188,wilkinson
50893,wilkinson
50823,wilkinson
51045,wilkinson
51292,wilkinson
51129,wilkinson
50950,wilkinson
51123,wilkinson
51093,wilkinson
50934,wilkinson
51335,wilkinson
51144,wilkinson
50818,wilkinson
50888,wilkinson
50927,wilkinson
50853,wilkinson
50923,wilkinson
51385,wilkinson
51260,wilkinson
51290,wilkinson
51056,wilkinson
51169,wilkinson
50869,wilkinson
51133,wilkinson
51257,wilkinson
51064,wilkinson
51372,wilkinson
50964,wilkinson
51233,wilkinson
51373,wilkinson
51112,wilkinson
51298,wilkinson
50828,wilkinson
51308,wilkinson
50882,wilkinson
51408,wilkinson
51249,wilkinson
51258,wilkinson
51351,wilkinson
50992,wilkinson
51124,wilkinson
50935,wilkinson
51125,wilkinson
50910,wilkinson
51277,wilkinson
51289,wilkinson
51219,wilkinson
51357,wilkinson
50941,wilkinson
50924,wilkinson
50883,wilkinson
51189,wilkinson
50894,wilkinson
50971,wilkinson
51070,wilkinson
51098,wilkinson
51374,wilkinson
51193,wilkinson
51214,wilkinson
51076,wilkinson
51293,wilkinson
51005,wilkinson
51154,wilkinson
50798,wilkinson
51377,wilkinson
50899,wilkinson
51329,wilkinson
51081,wilkinson
51194,wilkinson
50925,wilkinson
50972,wilkinson
51099,wilkinson
51285,wilkinson
50891,wilkinson
51304,wilkinson
50866,wilkinson
51366,wilkinson
51195,wilkinson
51136,wilkinson
51084,wilkinson
50967,wilkinson
51094,wilkinson
51200,wilkinson
51386,wilkinson
51261,wilkinson
51065,wilkinson
51095,wilkinson
51057,wilkinson
51175,wilkinson
51262,wilkinson
51358,wilkinson
51330,wilkinson
51267,wilkinson
51135,wilkinson
51171,wilkinson
51034,wilkinson
51291,wilkinson
51234,wilkinson
50841,wilkinson
50842,wilkinson
50856,wilkinson
51344,wilkinson
51108,wilkinson
51310,wilkinson
50956,wilkinson
51253,wilkinson
51023,wilkinson
50957,wilkinson
51259,wilkinson
50936,wilkinson
51235,wilkinson
50857,wilkinson
50911,wilkinson
50905,wilkinson
51327,wilkinson
50849,wilkinson
51208,wilkinson
51338,wilkinson
50858,wilkinson
50928,wilkinson
51336,wilkinson
50912,wilkinson
50977,wilkinson
51352,wilkinson
50937,wilkinson
50981,wilkinson
51398,wilkinson
50968,wilkinson
51287,wilkinson
51387,wilkinson
51402,wilkinson
51230,wilkinson
50808,wilkinson
51159,wilkinson
51058,wilkinson
50845,wilkinson
51367,wilkinson
51331,wilkinson
51263,wilkinson
51145,wilkinson
51164,wilkinson
51176,wilkinson
50913,wilkinson
51177,wilkinson
51236,wilkinson
51226,wilkinson
51007,wilkinson
50918,wilkinson
50919,wilkinson
51205,wilkinson
51146,wilkinson
51339,wilkinson
50846,wilkinson
51006,wilkinson
50875,wilkinson
51059,wilkinson
51028,wilkinson
51113,wilkinson
51224,wilkinson
51046,wilkinson
51096,wilkinson
50833,wilkinson
50926,wilkinson
51047,wilkinson
51206,wilkinson
51305,wilkinson
51130,wilkinson
50973,wilkinson
50974,wilkinson
50969,wilkinson
51264,wilkinson
51215,wilkinson
51212,wilkinson
51207,wilkinson
50819,wilkinson
50805,wilkinson
50820,wilkinson
50906,wilkinson
51340,wilkinson
50802,wilkinson
50807,wilkinson
50901,wilkinson
51204,wilkinson
50914,wilkinson
50943,wilkinson
51392,wilkinson
51182,wilkinson
51001,wilkinson
51178,wilkinson
51239,wilkinson
51272,wilkinson
51027,wilkinson
50895,wilkinson
50812,wilkinson
50810,wilkinson
50844,wilkinson
51209,wilkinson
50829,wilkinson
51187,wilkinson
51359,wilkinson
51197,wilkinson
51000,wilkinson
50815,wilkinson
51100,wilkinson
50824,wilkinson
50825,wilkinson
51181,wilkinson
51278,wilkinson
51142,wilkinson
50993,wilkinson
51273,wilkinson
51035,wilkinson
51202,wilkinson
50994,wilkinson
51190,wilkinson
51337,wilkinson
50939,wilkinson
51191,wilkinson
50821,wilkinson
50999,wilkinson
50929,wilkinson
50832,wilkinson
51299,wilkinson
51315,wilkinson
50998,wilkinson
51269,wilkinson
50843,wilkinson
51279,wilkinson
50837,wilkinson
50907,wilkinson
50988,wilkinson
51316,wilkinson
50830,wilkinson
50854,wilkinson
51198,wilkinson
51003,wilkinson
50799,wilkinson
50863,wilkinson
51179,wilkinson
51082,wilkinson
51101,wilkinson
51274,wilkinson
51280,wilkinson
50970,wilkinson
51240,wilkinson
50814,wilkinson
51317,wilkinson
51183,wilkinson
50806,wilkinson
51210,wilkinson
51399,wilkinson
50880,wilkinson
51227,wilkinson
50811,wilkinson
51004,wilkinson
50836,wilkinson
51097,wilkinson
51218,wilkinson
51201,wilkinson
50838,wilkinson
50989,wilkinson
50800,wilkinson
50902,wilkinson
50900,wilkinson
51115,wilkinson
51116,wilkinson
51192,wilkinson
51121,wilkinson
51117,wilkinson
51118,wilkinson
51119,wilkinson
51122,wilkinson
51120,wilkinson
50839,wilkinson
50965,wilkinson
50809,wilkinson
50827,wilkinson
50826,wilkinson
50831,wilkinson
50982,wilkinson
50908,wilkinson
51241,wilkinson
50813,wilkinson
51275,wilkinson
51242,wilkinson
50995,wilkinson
51345,wilkinson
51346,wilkinson
51071,wilkinson
51265,wilkinson
50990,wilkinson
51024,wilkinson
50930,wilkinson
51029,wilkinson
51085,wilkinson
50801,wilkinson
51393,wilkinson
50942,wilkinson
50896,wilkinson
51030,wilkinson
51286,wilkinson
51066,wilkinson
51052,wilkinson
50951,wilkinson
50944,wilkinson
50920,wilkinson
50945,wilkinson
51180,wilkinson
51311,wilkinson
51312,wilkinson
50876,wilkinson
50975,wilkinson
50850,wilkinson
50851,wilkinson
51220,wilkinson
51036,wilkinson
51294,wilkinson
51320,wilkinson
51300,wilkinson
51321,wilkinson
51041,wilkinson
51114,wilkinson
51405,wilkinson
51018,wilkinson
51102,wilkinson
51361,wilkinson
51170,wilkinson
51165,wilkinson
51362,wilkinson
51060,wilkinson
51048,wilkinson
51378,wilkinson
51306,wilkinson
50938,wilkinson
51353,wilkinson
51153,wilkinson
51072,wilkinson
50877,wilkinson
50976,wilkinson
51042,wilkinson
50864,wilkinson
50852,wilkinson
51527,leahy
51907,leahy
51643,leahy
51496,leahy
51497,leahy
51925,leahy
51644,leahy
51772,leahy
51498,leahy
51590,leahy
51679,leahy
51645,leahy
51934,leahy
51655,leahy
51698,leahy
51528,leahy
51484,leahy
51416,leahy
51434,leahy
51509,leahy
51966,leahy
51940,leahy
51428,leahy
52006,leahy
51545,leahy
51629,leahy
51595,leahy
51755,leahy
51855,leahy
51715,leahy
51981,leahy
51833,leahy
51661,leahy
51620,leahy
51784,leahy
51946,leahy
51926,leahy
51625,leahy
51935,leahy
52015,leahy
52007,leahy
51866,leahy
51980,leahy
51558,leahy
51699,leahy
51447,leahy
51608,leahy
51662,leahy
51954,leahy
51829,leahy
51993,leahy
51649,leahy
51415,leahy
51471,leahy
51936,leahy
51479,leahy
51631,leahy
51673,leahy
51849,leahy
51759,leahy
51896,leahy
51452,leahy
51894,leahy
51564,leahy
51982,leahy
52012,leahy
51689,leahy
52000,leahy
51913,leahy
51738,leahy
51690,leahy
51914,leahy
51994,leahy
51632,leahy
51878,leahy
51409,leahy
51533,leahy
51930,leahy
51703,leahy
51570,leahy
51674,leahy
51482,leahy
51544,leahy
51721,leahy
51716,leahy
51760,leahy
51565,leahy
51743,leahy
51597,leahy
51483,leahy
51637,leahy
51656,leahy
51480,leahy
51991,leahy
51858,leahy
51882,leahy
51680,leahy
51768,leahy
51571,leahy
51798,leahy
51472,leahy
51944,leahy
52008,leahy
51626,leahy
51596,leahy
51552,leahy
51638,leahy
51477,leahy
52018,leahy
51473,leahy
51856,leahy
51992,leahy
51862,leahy
51773,leahy
51515,leahy
51685,leahy
51796,leahy
51704,leahy
51761,leahy
51850,leahy
51598,leahy
51863,leahy
51686,leahy
51811,leahy
51521,leahy
51559,leahy
51490,leahy
51749,leahy
51837,leahy
51843,leahy
51828,leahy
51529,leahy
51975,leahy
51895,leahy
51566,leahy
51955,leahy
51627,leahy
51491,leahy
51995,leahy
51534,leahy
52019,leahy
51621,leahy
51778,leahy
51945,leahy
51960,leahy
51972,leahy
51717,leahy
51650,leahy
51860,leahy
51893,leahy
51467,leahy
51603,leahy
51859,leahy
51572,leahy
51908,leahy
51739,leahy
51665,leahy
51762,leahy
51700,leahy
51976,leahy
51485,leahy
51959,leahy
51501,leahy
51880,leahy
51599,leahy
51486,leahy
51573,leahy
51921,leahy
51502,leahy
51967,leahy
51718,leahy
51622,leahy
52001,leahy
52016,leahy
51996,leahy
52009,leahy
51663,leahy
52013,leahy
51695,leahy
51867,leahy
51701,leahy
51510,leahy
51750,leahy
51591,leahy
51474,leahy
51987,leahy
51516,leahy
51504,leahy
51687,leahy
51578,leahy
51888,leahy
51763,leahy
51751,leahy
51868,leahy
51931,leahy
51675,leahy
51770,leahy
51900,leahy
51785,leahy
51459,leahy
51628,leahy
51460,leahy
51567,leahy
51808,leahy
51840,leahy
51614,leahy
51592,leahy
51499,leahy
51844,leahy
51857,leahy
51883,leahy
51983,leahy
51574,leahy
51961,leahy
51779,leahy
51764,leahy
51609,leahy
51667,leahy
51825,leahy
51740,leahy
51746,leahy
51681,leahy
51774,leahy
52002,leahy
51560,leahy
51864,leahy
51834,leahy
51786,leahy
51623,leahy
51744,leahy
52003,leahy
51780,leahy
51835,leahy
51919,leahy
51691,leahy
51953,leahy
51692,leahy
51962,leahy
51543,leahy
51937,leahy
51633,leahy
51752,leahy
51429,leahy
51446,leahy
51634,leahy
51775,leahy
51767,leahy
51624,leahy
51651,leahy
51702,leahy
51561,leahy
51722,leahy
51988,leahy
51841,leahy
51797,leahy
51915,leahy
51815,leahy
51769,leahy
51723,leahy
51666,leahy
51652,leahy
51575,leahy
51753,leahy
51493,leahy
51977,leahy
51968,leahy
51938,leahy
51909,leahy
51719,leahy
51823,leahy
51800,leahy
51505,leahy
51435,leahy
51657,leahy
51904,leahy
51741,leahy
51562,leahy
51735,leahy
51705,leahy
51546,leahy
51947,leahy
51756,leahy
51430,leahy
51500,leahy
51539,leahy
51465,leahy
51535,leahy
51997,leahy
51872,leahy
51902,leahy
51668,leahy
51781,leahy
51481,leahy
51745,leahy
51869,leahy
51676,leahy
51984,leahy
51576,leahy
51845,leahy
51985,leahy
51724,leahy
51910,leahy
51440,leahy
51920,leahy
51494,leahy
52020,leahy
51861,leahy
51870,leahy
51963,leahy
51604,leahy
51736,leahy
51547,leahy
51737,leahy
51522,leahy
51889,leahy
51901,leahy
51831,leahy
51969,leahy
51553,leahy
51536,leahy
51495,leahy
51801,leahy
51506,leahy
51583,leahy
51682,leahy
51710,leahy
51986,leahy
51805,leahy
51826,leahy
51688,leahy
51905,leahy
51617,leahy
51766,leahy
51410,leahy
51989,leahy
51511,leahy
51941,leahy
51693,leahy
51806,leahy
51537,leahy
51584,leahy
51711,leahy
51897,leahy
51503,leahy
51916,leahy
51478,leahy
51978,leahy
51807,leahy
51748,leahy
51696,leahy
51579,leahy
51706,leahy
51812,leahy
51998,leahy
51873,leahy
51677,leahy
51707,leahy
51669,leahy
51787,leahy
51874,leahy
51970,leahy
51942,leahy
51879,leahy
51747,leahy
51783,leahy
51646,leahy
51903,leahy
51846,leahy
51453,leahy
51454,leahy
51468,leahy
51956,leahy
51720,leahy
51922,leahy
51568,leahy
51865,leahy
51635,leahy
51569,leahy
51871,leahy
51548,leahy
51847,leahy
51469,leahy
51523,leahy
51517,leahy
51939,leahy
51461,leahy
51820,leahy
51950,leahy
51470,leahy
51540,leahy
51948,leahy
51524,leahy
51589,leahy
51964,leahy
51549,leahy
51593,leahy
52010,leahy
51580,leahy
51899,leahy
51999,leahy
52014,leahy
51842,leahy
51420,leahy
51771,leahy
51670,leahy
51457,leahy
51979,leahy
51943,leahy
51875,leahy
51757,leahy
51776,leahy
51788,leahy
51525,leahy
51789,leahy
51848,leahy
51838,leahy
51619,leahy
51530,leahy
51531,leahy
51817,leahy
51758,leahy
51951,leahy
51458,leahy
51618,leahy
51487,leahy
51671,leahy
51640,leahy
51725,leahy
51836,leahy
51658,leahy
51708,leahy
51445,leahy
51538,leahy
51659,leahy
51818,leahy
51917,leahy
51742,leahy
51585,leahy
51586,leahy
51581,leahy
51876,leahy
51827,leahy
51824,leahy
51819,leahy
51431,leahy
51417,leahy
51432,leahy
51518,leahy
51952,leahy
51414,leahy
51419,leahy
51513,leahy
51816,leahy
51526,leahy
51555,leahy
52004,leahy
51794,leahy
51613,leahy
51790,leahy
51851,leahy
51884,leahy
51639,leahy
51507,leahy
51424,leahy
51422,leahy
51456,leahy
51821,leahy
51441,leahy
51799,leahy
51971,leahy
51809,leahy
51612,leahy
51427,leahy
51712,leahy
51436,leahy
51437,leahy
51793,leahy
51890,leahy
51754,leahy
51605,leahy
51885,leahy
51647,leahy
51814,leahy
51606,leahy
51802,leahy
51949,leahy
51551,leahy
51803,leahy
51433,leahy
51611,leahy
51541,leahy
51444,leahy
51911,leahy
51927,leahy
51610,leahy
51881,leahy
51455,leahy
51891,leahy
51449,leahy
51519,leahy
51600,leahy
51928,leahy
51442,leahy
51466,leahy
51810,leahy
51615,leahy
51411,leahy
51475,leahy
51791,leahy
51694,leahy
51713,leahy
51886,leahy
51892,leahy
51582,leahy
51852,leahy
51426,leahy
51929,leahy
51795,leahy
51418,leahy
51822,leahy
52011,leahy
51492,leahy
51839,leahy
51423,leahy
51616,leahy
51448,leahy
51709,leahy
51830,leahy
51813,leahy
51450,leahy
51601,leahy
51412,leahy
51514,leahy
51512,leahy
51727,leahy
51728,leahy
51804,leahy
51733,leahy
51729,leahy
51730,leahy
51731,leahy
51734,leahy
51732,leahy
51451,leahy
51577,leahy
51421,leahy
51439,leahy
51438,leahy
51443,leahy
51594,leahy
51520,leahy
51853,leahy
51425,leahy
51887,leahy
51854,leahy
51607,leahy
51957,leahy
51958,leahy
51683,leahy
51877,leahy
51602,leahy
51636,leahy
51542,leahy
51641,leahy
51697,leahy
51413,leahy
52005,leahy
51554,leahy
51508,leahy
51642,leahy
51898,leahy
51678,leahy
51664,leahy
51563,leahy
51556,leahy
51532,leahy
51557,leahy
51792,leahy
51923,leahy
51924,leahy
51488,leahy
51587,leahy
51462,leahy
51463,leahy
51832,leahy
51648,leahy
51906,leahy
51932,leahy
51912,leahy
51933,leahy
51653,leahy
51726,leahy
52017,leahy
51630,leahy
51714,leahy
51973,leahy
51782,leahy
51777,leahy
51974,leahy
51672,leahy
51660,leahy
51990,leahy
51918,leahy
51550,leahy
51965,leahy
51765,leahy
51684,leahy
51489,leahy
51588,leahy
51654,leahy
51476,leahy
51464,leahy
52139,stagg
52497,stagg
52255,stagg
52108,stagg
52109,stagg
52515,stagg
52256,stagg
52362,stagg
52110,stagg
52202,stagg
52291,stagg
52257,stagg
52524,stagg
52267,stagg
52614,stagg
52140,stagg
52096,stagg
52028,stagg
52046,stagg
52121,stagg
52556,stagg
52530,stagg
52040,stagg
52596,stagg
52157,stagg
52241,stagg
52207,stagg
52345,stagg
52445,stagg
52631,stagg
52571,stagg
52423,stagg
52273,stagg
52232,stagg
52374,stagg
52536,stagg
52516,stagg
52237,stagg
52525,stagg
52605,stagg
52597,stagg
52456,stagg
52570,stagg
52170,stagg
52615,stagg
52059,stagg
52220,stagg
52274,stagg
52544,stagg
52419,stagg
52583,stagg
52261,stagg
52027,stagg
52083,stagg
52526,stagg
52091,stagg
52243,stagg
52285,stagg
52439,stagg
52349,stagg
52486,stagg
52064,stagg
52484,stagg
52176,stagg
52572,stagg
52602,stagg
52301,stagg
52590,stagg
52503,stagg
52328,stagg
52302,stagg
52504,stagg
52584,stagg
52244,stagg
52468,stagg
52021,stagg
52145,stagg
52520,stagg
52619,stagg
52182,stagg
52286,stagg
52094,stagg
52156,stagg
52311,stagg
52632,stagg
52350,stagg
52177,stagg
52333,stagg
52209,stagg
52095,stagg
52249,stagg
52268,stagg
52092,stagg
52581,stagg
52448,stagg
52472,stagg
52292,stagg
52358,stagg
52183,stagg
52388,stagg
52084,stagg
52534,stagg
52598,stagg
52238,stagg
52208,stagg
52164,stagg
52250,stagg
52089,stagg
52608,stagg
52085,stagg
52446,stagg
52582,stagg
52452,stagg
52363,stagg
52127,stagg
52297,stagg
52386,stagg
52620,stagg
52351,stagg
52440,stagg
52210,stagg
52453,stagg
52298,stagg
52401,stagg
52133,stagg
52171,stagg
52102,stagg
52339,stagg
52427,stagg
52433,stagg
52418,stagg
52141,stagg
52565,stagg
52485,stagg
52178,stagg
52545,stagg
52239,stagg
52103,stagg
52585,stagg
52146,stagg
52609,stagg
52233,stagg
52368,stagg
52535,stagg
52550,stagg
52562,stagg
52307,stagg
52262,stagg
52450,stagg
52483,stagg
52079,stagg
52215,stagg
52449,stagg
52184,stagg
52498,stagg
52329,stagg
52277,stagg
52352,stagg
52616,stagg
52566,stagg
52097,stagg
52549,stagg
52113,stagg
52470,stagg
52211,stagg
52098,stagg
52185,stagg
52511,stagg
52114,stagg
52557,stagg
52308,stagg
52234,stagg
52591,stagg
52606,stagg
52586,stagg
52599,stagg
52275,stagg
52603,stagg
52611,stagg
52457,stagg
52617,stagg
52122,stagg
52340,stagg
52203,stagg
52086,stagg
52577,stagg
52128,stagg
52116,stagg
52299,stagg
52190,stagg
52478,stagg
52353,stagg
52341,stagg
52458,stagg
52521,stagg
52287,stagg
52360,stagg
52490,stagg
52375,stagg
52071,stagg
52240,stagg
52072,stagg
52179,stagg
52398,stagg
52430,stagg
52226,stagg
52204,stagg
52111,stagg
52434,stagg
52447,stagg
52473,stagg
52573,stagg
52186,stagg
52551,stagg
52369,stagg
52354,stagg
52221,stagg
52279,stagg
52415,stagg
52330,stagg
52336,stagg
52293,stagg
52364,stagg
52592,stagg
52172,stagg
52454,stagg
52424,stagg
52376,stagg
52235,stagg
52334,stagg
52593,stagg
52370,stagg
52425,stagg
52509,stagg
52303,stagg
52543,stagg
52304,stagg
52552,stagg
52155,stagg
52527,stagg
52245,stagg
52342,stagg
52041,stagg
52058,stagg
52246,stagg
52365,stagg
52357,stagg
52236,stagg
52263,stagg
52618,stagg
52173,stagg
52312,stagg
52578,stagg
52431,stagg
52387,stagg
52505,stagg
52405,stagg
52359,stagg
52313,stagg
52278,stagg
52264,stagg
52187,stagg
52343,stagg
52105,stagg
52567,stagg
52558,stagg
52528,stagg
52499,stagg
52309,stagg
52413,stagg
52390,stagg
52117,stagg
52047,stagg
52269,stagg
52494,stagg
52331,stagg
52174,stagg
52325,stagg
52621,stagg
52158,stagg
52537,stagg
52346,stagg
52042,stagg
52112,stagg
52151,stagg
52077,stagg
52147,stagg
52587,stagg
52462,stagg
52492,stagg
52280,stagg
52371,stagg
52093,stagg
52335,stagg
52459,stagg
52288,stagg
52574,stagg
52188,stagg
52435,stagg
52575,stagg
52314,stagg
52500,stagg
52052,stagg
52510,stagg
52106,stagg
52610,stagg
52451,stagg
52460,stagg
52553,stagg
52216,stagg
52326,stagg
52159,stagg
52327,stagg
52134,stagg
52479,stagg
52491,stagg
52421,stagg
52559,stagg
52165,stagg
52148,stagg
52107,stagg
52391,stagg
52118,stagg
52195,stagg
52294,stagg
52626,stagg
52576,stagg
52395,stagg
52416,stagg
52300,stagg
52495,stagg
52229,stagg
52356,stagg
52022,stagg
52579,stagg
52123,stagg
52531,stagg
52305,stagg
52396,stagg
52149,stagg
52196,stagg
52627,stagg
52487,stagg
52115,stagg
52506,stagg
52090,stagg
52568,stagg
52397,stagg
52338,stagg
52612,stagg
52191,stagg
52622,stagg
52402,stagg
52588,stagg
52463,stagg
52289,stagg
52623,stagg
52281,stagg
52377,stagg
52464,stagg
52560,stagg
52532,stagg
52469,stagg
52337,stagg
52373,stagg
52258,stagg
52493,stagg
52436,stagg
52065,stagg
52066,stagg
52080,stagg
52546,stagg
52310,stagg
52512,stagg
52180,stagg
52455,stagg
52247,stagg
52181,stagg
52461,stagg
52160,stagg
52437,stagg
52081,stagg
52135,stagg
52129,stagg
52529,stagg
52073,stagg
52410,stagg
52540,stagg
52082,stagg
52152,stagg
52538,stagg
52136,stagg
52201,stagg
52554,stagg
52161,stagg
52205,stagg
52600,stagg
52192,stagg
52489,stagg
52589,stagg
52604,stagg
52432,stagg
52032,stagg
52361,stagg
52282,stagg
52069,stagg
52569,stagg
52533,stagg
52465,stagg
52347,stagg
52366,stagg
52378,stagg
52137,stagg
52379,stagg
52438,stagg
52428,stagg
52231,stagg
52142,stagg
52143,stagg
52407,stagg
52348,stagg
52541,stagg
52070,stagg
52230,stagg
52099,stagg
52283,stagg
52252,stagg
52315,stagg
52426,stagg
52270,stagg
52624,stagg
52057,stagg
52150,stagg
52271,stagg
52408,stagg
52507,stagg
52332,stagg
52197,stagg
52198,stagg
52193,stagg
52466,stagg
52417,stagg
52414,stagg
52409,stagg
52043,stagg
52029,stagg
52044,stagg
52130,stagg
52542,stagg
52026,stagg
52031,stagg
52125,stagg
52406,stagg
52138,stagg
52167,stagg
52594,stagg
52384,stagg
52225,stagg
52380,stagg
52441,stagg
52474,stagg
52251,stagg
52119,stagg
52036,stagg
52034,stagg
52068,stagg
52411,stagg
52053,stagg
52389,stagg
52561,stagg
52399,stagg
52224,stagg
52039,stagg
52628,stagg
52048,stagg
52049,stagg
52383,stagg
52480,stagg
52344,stagg
52217,stagg
52475,stagg
52259,stagg
52404,stagg
52218,stagg
52392,stagg
52539,stagg
52163,stagg
52393,stagg
52045,stagg
52223,stagg
52153,stagg
52056,stagg
52501,stagg
52517,stagg
52222,stagg
52471,stagg
52067,stagg
52481,stagg
52061,stagg
52131,stagg
52212,stagg
52518,stagg
52054,stagg
52078,stagg
52400,stagg
52227,stagg
52023,stagg
52087,stagg
52381,stagg
52306,stagg
52629,stagg
52476,stagg
52482,stagg
52194,stagg
52442,stagg
52038,stagg
52519,stagg
52385,stagg
52030,stagg
52412,stagg
52601,stagg
52104,stagg
52429,stagg
52035,stagg
52228,stagg
52060,stagg
52625,stagg
52420,stagg
52403,stagg
52062,stagg
52213,stagg
52024,stagg
52126,stagg
52124,stagg
52317,stagg
52318,stagg
52394,stagg
52323,stagg
52319,stagg
52320,stagg
52321,stagg
52324,stagg
52322,stagg
52063,stagg
52189,stagg
52033,stagg
52051,stagg
52050,stagg
52055,stagg
52206,stagg
52132,stagg
52443,stagg
52037,stagg
52477,stagg
52444,stagg
52219,stagg
52547,stagg
52548,stagg
52295,stagg
52467,stagg
52214,stagg
52248,stagg
52154,stagg
52253,stagg
52613,stagg
52025,stagg
52595,stagg
52166,stagg
52120,stagg
52254,stagg
52488,stagg
52290,stagg
52276,stagg
52175,stagg
52168,stagg
52144,stagg
52169,stagg
52382,stagg
52513,stagg
52514,stagg
52100,stagg
52199,stagg
52074,stagg
52075,stagg
52422,stagg
52260,stagg
52496,stagg
52522,stagg
52502,stagg
52523,stagg
52265,stagg
52316,stagg
52607,stagg
52242,stagg
52630,stagg
52563,stagg
52372,stagg
52367,stagg
52564,stagg
52284,stagg
52272,stagg
52580,stagg
52508,stagg
52162,stagg
52555,stagg
52355,stagg
52296,stagg
52101,stagg
52200,stagg
52266,stagg
52088,stagg
52076,stagg
53000,warner
52773,warner
53077,warner
52688,warner
52689,warner
52791,warner
53078,warner
53089,warner
52690,warner
53048,warner
53161,warner
53079,warner
52731,warner
53137,warner
53204,warner
53001,warner
52676,warner
52881,warner
52642,warner
52982,warner
52712,warner
52737,warner
52636,warner
53113,warner
52719,warner
53063,warner
53053,warner
53023,warner
52970,warner
53221,warner
53185,warner
52873,warner
53143,warner
52826,warner
53101,warner
52743,warner
52792,warner
53059,warner
52732,warner
53122,warner
53114,warner
52934,warner
53184,warner
52755,warner
53205,warner
52655,warner
52814,warner
53144,warner
52700,warner
52869,warner
53197,warner
53131,warner
52880,warner
52916,warner
52733,warner
52924,warner
53065,warner
53155,warner
52964,warner
53027,warner
52894,warner
52660,warner
52892,warner
52761,warner
53186,warner
53119,warner
53171,warner
53107,warner
52779,warner
53244,warner
53172,warner
52780,warner
53198,warner
53066,warner
52946,warner
52874,warner
53006,warner
52727,warner
53209,warner
52767,warner
53156,warner
52974,warner
52718,warner
53227,warner
53222,warner
53028,warner
52762,warner
52797,warner
52803,warner
52975,warner
53071,warner
53138,warner
52925,warner
53195,warner
52926,warner
52666,warner
53162,warner
53085,warner
52768,warner
52838,warner
52917,warner
52741,warner
53115,warner
53060,warner
53054,warner
52749,warner
53072,warner
52922,warner
53125,warner
52918,warner
52971,warner
53196,warner
52930,warner
53090,warner
52988,warner
53167,warner
52836,warner
53210,warner
53029,warner
52965,warner
52804,warner
52931,warner
53168,warner
52851,warner
52994,warner
52756,warner
52682,warner
53017,warner
52952,warner
52958,warner
52868,warner
53002,warner
53179,warner
52893,warner
52763,warner
52701,warner
53061,warner
52683,warner
53199,warner
53007,warner
53126,warner
53055,warner
53095,warner
52742,warner
52706,warner
52976,warner
53223,warner
53132,warner
52928,warner
52891,warner
52912,warner
52809,warner
52927,warner
52769,warner
52774,warner
52793,warner
53147,warner
53030,warner
53206,warner
53180,warner
52677,warner
52705,warner
52693,warner
52948,warner
52805,warner
52678,warner
53031,warner
52787,warner
52694,warner
52713,warner
53224,warner
53056,warner
53108,warner
53123,warner
53200,warner
53116,warner
53145,warner
53120,warner
53201,warner
52935,warner
53207,warner
52983,warner
53018,warner
53049,warner
52919,warner
53191,warner
52989,warner
52977,warner
53169,warner
53036,warner
52672,warner
53080,warner
53019,warner
52936,warner
52728,warner
53157,warner
53087,warner
52898,warner
53102,warner
52904,warner
53062,warner
52905,warner
52764,warner
52848,warner
52955,warner
52820,warner
53050,warner
52691,warner
52959,warner
52972,warner
52667,warner
53187,warner
53032,warner
52707,warner
53096,warner
53081,warner
52815,warner
53149,warner
52865,warner
52794,warner
52800,warner
53163,warner
53091,warner
53109,warner
52757,warner
52932,warner
52949,warner
53103,warner
53057,warner
52798,warner
53110,warner
53097,warner
52950,warner
52785,warner
53173,warner
52699,warner
53174,warner
52708,warner
53016,warner
52734,warner
53067,warner
53020,warner
52637,warner
52654,warner
53068,warner
53092,warner
53084,warner
53058,warner
53133,warner
53208,warner
52758,warner
53228,warner
53192,warner
52956,warner
52837,warner
52781,warner
52855,warner
53086,warner
53229,warner
53148,warner
53134,warner
53033,warner
53021,warner
52685,warner
53181,warner
52714,warner
52735,warner
52775,warner
53225,warner
52863,warner
52840,warner
52978,warner
52643,warner
53139,warner
52770,warner
52795,warner
52759,warner
53241,warner
53211,warner
52720,warner
52744,warner
53024,warner
52638,warner
52692,warner
53012,warner
52910,warner
53008,warner
53104,warner
52940,warner
52900,warner
53150,warner
53098,warner
52973,warner
52799,warner
52937,warner
53158,warner
53188,warner
53034,warner
52960,warner
53189,warner
53230,warner
52776,warner
52648,warner
52786,warner
52686,warner
53127,warner
52929,warner
52938,warner
52709,warner
52810,warner
53242,warner
52721,warner
53243,warner
52995,warner
52673,warner
52899,warner
52871,warner
52715,warner
52750,warner
53009,warner
52687,warner
52841,warner
52979,warner
53041,warner
53164,warner
53216,warner
53190,warner
52845,warner
52866,warner
53170,warner
52771,warner
52823,warner
53083,warner
52875,warner
53193,warner
52984,warner
52738,warner
53175,warner
52846,warner
53010,warner
53042,warner
53217,warner
52895,warner
52695,warner
52782,warner
52923,warner
53182,warner
52847,warner
52802,warner
53202,warner
53037,warner
53212,warner
52852,warner
53105,warner
52941,warner
53159,warner
53213,warner
53151,warner
52827,warner
52942,warner
52716,warner
52739,warner
52947,warner
52801,warner
53100,warner
53128,warner
52901,warner
52961,warner
52661,warner
52662,warner
52913,warner
52702,warner
53226,warner
52788,warner
52765,warner
52933,warner
53069,warner
52766,warner
52939,warner
52722,warner
52962,warner
52914,warner
52996,warner
52990,warner
52736,warner
52906,warner
52860,warner
52696,warner
52915,warner
53013,warner
52745,warner
52997,warner
53047,warner
52710,warner
52723,warner
53051,warner
53117,warner
53038,warner
52897,warner
53106,warner
53121,warner
52957,warner
52885,warner
53088,warner
53152,warner
52902,warner
53183,warner
52740,warner
52943,warner
53025,warner
53093,warner
52828,warner
52998,warner
52829,warner
52963,warner
52953,warner
52825,warner
53003,warner
53004,warner
52857,warner
53026,warner
52697,warner
52903,warner
52824,warner
52679,warner
53153,warner
53074,warner
53231,warner
52951,warner
53140,warner
53214,warner
52653,warner
53011,warner
53141,warner
52858,warner
52783,warner
52796,warner
53043,warner
53044,warner
53039,warner
52944,warner
52867,warner
52864,warner
52859,warner
52639,warner
52882,warner
52640,warner
52991,warner
52698,warner
52879,warner
52884,warner
52986,warner
52856,warner
52999,warner
52752,warner
53111,warner
52834,warner
52819,warner
52830,warner
52966,warner
52668,warner
53073,warner
52980,warner
52889,warner
52887,warner
52664,warner
52861,warner
52649,warner
52839,warner
52717,warner
52849,warner
52818,warner
52635,warner
53218,warner
52644,warner
52645,warner
52833,warner
52674,warner
53022,warner
52811,warner
52669,warner
53129,warner
52854,warner
52812,warner
52842,warner
52746,warner
52748,warner
52843,warner
52641,warner
52817,warner
53014,warner
52652,warner
52777,warner
52724,warner
52816,warner
52665,warner
52663,warner
52675,warner
52657,warner
52992,warner
52806,warner
52725,warner
52650,warner
52911,warner
52850,warner
52821,warner
52876,warner
52920,warner
52831,warner
53176,warner
53219,warner
52670,warner
52890,warner
53040,warner
52967,warner
52634,warner
52726,warner
52835,warner
52883,warner
52862,warner
53118,warner
52684,warner
52954,warner
52888,warner
52822,warner
52656,warner
53215,warner
52870,warner
52853,warner
52658,warner
52807,warner
52877,warner
52987,warner
52985,warner
53233,warner
53234,warner
52844,warner
53239,warner
53235,warner
53236,warner
53237,warner
53240,warner
53238,warner
52659,warner
53035,warner
52886,warner
52647,warner
52646,warner
52651,warner
53052,warner
52993,warner
52968,warner
52633,warner
52671,warner
52969,warner
52813,warner
52703,warner
52704,warner
53165,warner
52945,warner
52808,warner
53070,warner
53015,warner
53075,warner
53203,warner
52878,warner
53112,warner
52751,warner
52981,warner
53076,warner
52896,warner
53160,warner
53146,warner
52760,warner
52753,warner
53005,warner
52754,warner
52832,warner
52789,warner
52790,warner
52680,warner
53045,warner
52907,warner
52908,warner
52872,warner
53130,warner
52772,warner
52729,warner
52778,warner
52730,warner
53135,warner
53232,warner
53124,warner
53064,warner
53220,warner
53177,warner
53099,warner
53094,warner
53178,warner
53154,warner
53142,warner
53194,warner
52784,warner
52747,warner
52711,warner
53082,warner
53166,warner
52681,warner
53046,warner
53136,warner
52921,warner
52909,warner
53612,heisman
53385,heisman
53689,heisman
53300,heisman
53301,heisman
53403,heisman
53690,heisman
53701,heisman
53302,heisman
53660,heisman
53773,heisman
53691,heisman
53343,heisman
53749,heisman
53816,heisman
53613,heisman
53288,heisman
53493,heisman
53254,heisman
53594,heisman
53324,heisman
53349,heisman
53248,heisman
53725,heisman
53331,heisman
53675,heisman
53665,heisman
53635,heisman
53582,heisman
53833,heisman
53797,heisman
53485,heisman
53755,heisman
53438,heisman
53713,heisman
53355,heisman
53404,heisman
53671,heisman
53344,heisman
53734,heisman
53726,heisman
53546,heisman
53796,heisman
53367,heisman
53817,heisman
53267,heisman
53426,heisman
53756,heisman
53312,heisman
53481,heisman
53809,heisman
53743,heisman
53492,heisman
53528,heisman
53345,heisman
53536,heisman
53677,heisman
53767,heisman
53576,heisman
53639,heisman
53506,heisman
53272,heisman
53504,heisman
53373,heisman
53798,heisman
53731,heisman
53783,heisman
53719,heisman
53391,heisman
53856,heisman
53784,heisman
53392,heisman
53810,heisman
53678,heisman
53558,heisman
53486,heisman
53618,heisman
53339,heisman
53821,heisman
53379,heisman
53768,heisman
53586,heisman
53330,heisman
53839,heisman
53834,heisman
53640,heisman
53374,heisman
53409,heisman
53415,heisman
53587,heisman
53683,heisman
53750,heisman
53537,heisman
53807,heisman
53538,heisman
53278,heisman
53774,heisman
53697,heisman
53380,heisman
53450,heisman
53529,heisman
53353,heisman
53727,heisman
53672,heisman
53666,heisman
53361,heisman
53684,heisman
53534,heisman
53737,heisman
53530,heisman
53583,heisman
53808,heisman
53542,heisman
53702,heisman
53600,heisman
53779,heisman
53448,heisman
53822,heisman
53641,heisman
53577,heisman
53416,heisman
53543,heisman
53780,heisman
53463,heisman
53606,heisman
53368,heisman
53294,heisman
53629,heisman
53564,heisman
53570,heisman
53480,heisman
53614,heisman
53791,heisman
53505,heisman
53375,heisman
53313,heisman
53673,heisman
53295,heisman
53811,heisman
53619,heisman
53738,heisman
53667,heisman
53707,heisman
53354,heisman
53318,heisman
53588,heisman
53835,heisman
53744,heisman
53540,heisman
53503,heisman
53524,heisman
53421,heisman
53539,heisman
53381,heisman
53386,heisman
53405,heisman
53759,heisman
53642,heisman
53818,heisman
53792,heisman
53289,heisman
53317,heisman
53305,heisman
53560,heisman
53417,heisman
53290,heisman
53643,heisman
53399,heisman
53306,heisman
53325,heisman
53836,heisman
53668,heisman
53720,heisman
53735,heisman
53812,heisman
53728,heisman
53757,heisman
53732,heisman
53813,heisman
53547,heisman
53819,heisman
53595,heisman
53630,heisman
53661,heisman
53531,heisman
53803,heisman
53601,heisman
53589,heisman
53781,heisman
53648,heisman
53284,heisman
53692,heisman
53631,heisman
53548,heisman
53340,heisman
53769,heisman
53699,heisman
53510,heisman
53714,heisman
53516,heisman
53674,heisman
53517,heisman
53376,heisman
53460,heisman
53567,heisman
53432,heisman
53662,heisman
53303,heisman
53571,heisman
53584,heisman
53279,heisman
53799,heisman
53644,heisman
53319,heisman
53708,heisman
53693,heisman
53427,heisman
53761,heisman
53477,heisman
53406,heisman
53412,heisman
53775,heisman
53703,heisman
53721,heisman
53369,heisman
53544,heisman
53561,heisman
53715,heisman
53669,heisman
53410,heisman
53722,heisman
53709,heisman
53562,heisman
53397,heisman
53785,heisman
53311,heisman
53786,heisman
53320,heisman
53628,heisman
53346,heisman
53679,heisman
53632,heisman
53249,heisman
53266,heisman
53680,heisman
53704,heisman
53696,heisman
53670,heisman
53745,heisman
53820,heisman
53370,heisman
53840,heisman
53804,heisman
53568,heisman
53449,heisman
53393,heisman
53467,heisman
53698,heisman
53841,heisman
53760,heisman
53746,heisman
53645,heisman
53633,heisman
53297,heisman
53793,heisman
53326,heisman
53347,heisman
53387,heisman
53837,heisman
53475,heisman
53452,heisman
53590,heisman
53255,heisman
53751,heisman
53382,heisman
53407,heisman
53371,heisman
53853,heisman
53823,heisman
53332,heisman
53356,heisman
53636,heisman
53250,heisman
53304,heisman
53624,heisman
53522,heisman
53620,heisman
53716,heisman
53552,heisman
53512,heisman
53762,heisman
53710,heisman
53585,heisman
53411,heisman
53549,heisman
53770,heisman
53800,heisman
53646,heisman
53572,heisman
53801,heisman
53842,heisman
53388,heisman
53260,heisman
53398,heisman
53298,heisman
53739,heisman
53541,heisman
53550,heisman
53321,heisman
53422,heisman
53854,heisman
53333,heisman
53855,heisman
53607,heisman
53285,heisman
53511,heisman
53483,heisman
53327,heisman
53362,heisman
53621,heisman
53299,heisman
53453,heisman
53591,heisman
53653,heisman
53776,heisman
53828,heisman
53802,heisman
53457,heisman
53478,heisman
53782,heisman
53383,heisman
53435,heisman
53695,heisman
53487,heisman
53805,heisman
53596,heisman
53350,heisman
53787,heisman
53458,heisman
53622,heisman
53654,heisman
53829,heisman
53507,heisman
53307,heisman
53394,heisman
53535,heisman
53794,heisman
53459,heisman
53414,heisman
53814,heisman
53649,heisman
53824,heisman
53464,heisman
53717,heisman
53553,heisman
53771,heisman
53825,heisman
53763,heisman
53439,heisman
53554,heisman
53328,heisman
53351,heisman
53559,heisman
53413,heisman
53712,heisman
53740,heisman
53513,heisman
53573,heisman
53273,heisman
53274,heisman
53525,heisman
53314,heisman
53838,heisman
53400,heisman
53377,heisman
53545,heisman
53681,heisman
53378,heisman
53551,heisman
53334,heisman
53574,heisman
53526,heisman
53608,heisman
53602,heisman
53348,heisman
53518,heisman
53472,heisman
53308,heisman
53527,heisman
53625,heisman
53357,heisman
53609,heisman
53659,heisman
53322,heisman
53335,heisman
53663,heisman
53729,heisman
53650,heisman
53509,heisman
53718,heisman
53733,heisman
53569,heisman
53497,heisman
53700,heisman
53764,heisman
53514,heisman
53795,heisman
53352,heisman
53555,heisman
53637,heisman
53705,heisman
53440,heisman
53610,heisman
53441,heisman
53575,heisman
53565,heisman
53437,heisman
53615,heisman
53616,heisman
53469,heisman
53638,heisman
53309,heisman
53515,heisman
53436,heisman
53291,heisman
53765,heisman
53686,heisman
53843,heisman
53563,heisman
53752,heisman
53826,heisman
53265,heisman
53623,heisman
53753,heisman
53470,heisman
53395,heisman
53408,heisman
53655,heisman
53656,heisman
53651,heisman
53556,heisman
53479,heisman
53476,heisman
53471,heisman
53251,heisman
53494,heisman
53252,heisman
53603,heisman
53310,heisman
53491,heisman
53496,heisman
53598,heisman
53468,heisman
53611,heisman
53364,heisman
53723,heisman
53446,heisman
53431,heisman
53442,heisman
53578,heisman
53280,heisman
53685,heisman
53592,heisman
53501,heisman
53499,heisman
53276,heisman
53473,heisman
53261,heisman
53451,heisman
53329,heisman
53461,heisman
53430,heisman
53247,heisman
53830,heisman
53256,heisman
53257,heisman
53445,heisman
53286,heisman
53634,heisman
53423,heisman
53281,heisman
53741,heisman
53466,heisman
53424,heisman
53454,heisman
53358,heisman
53360,heisman
53455,heisman
53253,heisman
53429,heisman
53626,heisman
53264,heisman
53389,heisman
53336,heisman
53428,heisman
53277,heisman
53275,heisman
53287,heisman
53269,heisman
53604,heisman
53418,heisman
53337,heisman
53262,heisman
53523,heisman
53462,heisman
53433,heisman
53488,heisman
53532,heisman
53443,heisman
53788,heisman
53831,heisman
53282,heisman
53502,heisman
53652,heisman
53579,heisman
53246,heisman
53338,heisman
53447,heisman
53495,heisman
53474,heisman
53730,heisman
53296,heisman
53566,heisman
53500,heisman
53434,heisman
53268,heisman
53827,heisman
53482,heisman
53465,heisman
53270,heisman
53419,heisman
53489,heisman
53599,heisman
53597,heisman
53845,heisman
53846,heisman
53456,heisman
53851,heisman
53847,heisman
53848,heisman
53849,heisman
53852,heisman
53850,heisman
53271,heisman
53647,heisman
53498,heisman
53259,heisman
53258,heisman
53263,heisman
53664,heisman
53605,heisman
53580,heisman
53245,heisman
53283,heisman
53581,heisman
53425,heisman
53315,heisman
53316,heisman
53777,heisman
53557,heisman
53420,heisman
53682,heisman
53627,heisman
53687,heisman
53815,heisman
53490,heisman
53724,heisman
53363,heisman
53593,heisman
53688,heisman
53508,heisman
53772,heisman
53758,heisman
53372,heisman
53365,heisman
53617,heisman
53366,heisman
53444,heisman
53401,heisman
53402,heisman
53292,heisman
53657,heisman
53519,heisman
53520,heisman
53484,heisman
53742,heisman
53384,heisman
53341,heisman
53390,heisman
53342,heisman
53747,heisman
53844,heisman
53736,heisman
53676,heisman
53832,heisman
53789,heisman
53711,heisman
53706,heisman
53790,heisman
53766,heisman
53754,heisman
53806,heisman
53396,heisman
53359,heisman
53323,heisman
53694,heisman
53778,heisman
53293,heisman
53658,heisman
53748,heisman
53533,heisman
53521,heisman
54207,dobie
54245,dobie
54301,dobie
53949,dobie
53950,dobie
54263,dobie
54302,dobie
54313,dobie
53951,dobie
54272,dobie
54385,dobie
54303,dobie
53966,dobie
54361,dobie
54428,dobie
54208,dobie
53937,dobie
53901,dobie
53919,dobie
54189,dobie
54177,dobie
53972,dobie
53913,dobie
54337,dobie
54225,dobie
54287,dobie
54277,dobie
54010,dobie
53931,dobie
54445,dobie
54409,dobie
53893,dobie
54367,dobie
54050,dobie
54325,dobie
53978,dobie
53993,dobie
54283,dobie
53967,dobie
54346,dobie
54338,dobie
54133,dobie
54408,dobie
53990,dobie
54429,dobie
54068,dobie
54038,dobie
54368,dobie
54165,dobie
53889,dobie
54421,dobie
54355,dobie
53900,dobie
54115,dobie
53968,dobie
54123,dobie
54289,dobie
54379,dobie
53925,dobie
54014,dobie
54093,dobie
54073,dobie
54091,dobie
54233,dobie
54410,dobie
54343,dobie
54395,dobie
54331,dobie
54251,dobie
54468,dobie
54396,dobie
54252,dobie
54422,dobie
54290,dobie
54145,dobie
53894,dobie
54213,dobie
53962,dobie
54433,dobie
54239,dobie
54380,dobie
53935,dobie
54224,dobie
54451,dobie
54446,dobie
54015,dobie
54234,dobie
53998,dobie
54027,dobie
53936,dobie
54295,dobie
54362,dobie
54124,dobie
54419,dobie
54125,dobie
54079,dobie
54386,dobie
54309,dobie
54240,dobie
53858,dobie
54116,dobie
53976,dobie
54339,dobie
54284,dobie
54278,dobie
53984,dobie
54296,dobie
54121,dobie
54349,dobie
54117,dobie
53932,dobie
54420,dobie
54129,dobie
54314,dobie
54195,dobie
54391,dobie
54060,dobie
54434,dobie
54016,dobie
53926,dobie
54028,dobie
54130,dobie
54392,dobie
53871,dobie
54201,dobie
53991,dobie
53943,dobie
54004,dobie
54151,dobie
54157,dobie
53888,dobie
54209,dobie
54403,dobie
54092,dobie
54235,dobie
54166,dobie
54285,dobie
53944,dobie
54423,dobie
54214,dobie
54350,dobie
54279,dobie
54319,dobie
53977,dobie
54171,dobie
54183,dobie
54447,dobie
54356,dobie
54127,dobie
54090,dobie
54111,dobie
54033,dobie
54126,dobie
54241,dobie
54246,dobie
53994,dobie
54371,dobie
54017,dobie
54430,dobie
54404,dobie
53938,dobie
54170,dobie
53954,dobie
54147,dobie
54029,dobie
53939,dobie
54018,dobie
54259,dobie
53955,dobie
54178,dobie
54448,dobie
54280,dobie
54332,dobie
54347,dobie
54424,dobie
54340,dobie
54369,dobie
54344,dobie
54425,dobie
54134,dobie
54431,dobie
54190,dobie
54005,dobie
54273,dobie
54118,dobie
54415,dobie
54196,dobie
54184,dobie
54393,dobie
54023,dobie
54085,dobie
54304,dobie
54006,dobie
54135,dobie
53963,dobie
54381,dobie
54311,dobie
54097,dobie
54326,dobie
54103,dobie
54286,dobie
54104,dobie
54236,dobie
53868,dobie
54154,dobie
54044,dobie
54274,dobie
53952,dobie
54158,dobie
53933,dobie
54080,dobie
54411,dobie
54019,dobie
54172,dobie
54320,dobie
54305,dobie
54039,dobie
54373,dobie
53885,dobie
53995,dobie
54001,dobie
54387,dobie
54315,dobie
54333,dobie
53992,dobie
54131,dobie
54148,dobie
54327,dobie
54281,dobie
53999,dobie
54334,dobie
54321,dobie
54149,dobie
54257,dobie
54397,dobie
54164,dobie
54398,dobie
54173,dobie
54223,dobie
53969,dobie
54291,dobie
54007,dobie
53914,dobie
54067,dobie
54292,dobie
54316,dobie
54308,dobie
54282,dobie
54357,dobie
54432,dobie
54230,dobie
54452,dobie
54416,dobie
54155,dobie
53857,dobie
54253,dobie
53875,dobie
54310,dobie
54453,dobie
54372,dobie
54358,dobie
54020,dobie
54008,dobie
53946,dobie
54405,dobie
54179,dobie
53970,dobie
54247,dobie
54449,dobie
53883,dobie
53860,dobie
54185,dobie
53920,dobie
54363,dobie
54242,dobie
53996,dobie
54231,dobie
54465,dobie
54435,dobie
54226,dobie
53979,dobie
54011,dobie
53915,dobie
53953,dobie
54219,dobie
54109,dobie
54215,dobie
54328,dobie
54139,dobie
54099,dobie
54374,dobie
54322,dobie
53934,dobie
54000,dobie
54136,dobie
54382,dobie
54412,dobie
54021,dobie
54159,dobie
54413,dobie
54454,dobie
54248,dobie
54061,dobie
54258,dobie
53947,dobie
54351,dobie
54128,dobie
54137,dobie
54174,dobie
54034,dobie
54466,dobie
54227,dobie
54467,dobie
54202,dobie
54086,dobie
54098,dobie
53891,dobie
54180,dobie
53985,dobie
54216,dobie
53948,dobie
53861,dobie
54186,dobie
54265,dobie
54388,dobie
54440,dobie
54414,dobie
53865,dobie
53886,dobie
54394,dobie
54243,dobie
54047,dobie
54307,dobie
53895,dobie
54417,dobie
54191,dobie
53973,dobie
54399,dobie
53866,dobie
54217,dobie
54266,dobie
54441,dobie
54094,dobie
53956,dobie
54254,dobie
54122,dobie
54406,dobie
53867,dobie
54003,dobie
54426,dobie
54024,dobie
54436,dobie
53872,dobie
54329,dobie
54140,dobie
54383,dobie
54437,dobie
54375,dobie
54051,dobie
54141,dobie
54181,dobie
53974,dobie
54146,dobie
54002,dobie
54324,dobie
54352,dobie
54100,dobie
54160,dobie
54074,dobie
54075,dobie
54112,dobie
54167,dobie
54450,dobie
54260,dobie
54237,dobie
54132,dobie
54293,dobie
54238,dobie
54138,dobie
54228,dobie
54161,dobie
54113,dobie
54203,dobie
54197,dobie
53971,dobie
54105,dobie
53880,dobie
53957,dobie
54114,dobie
54220,dobie
53980,dobie
54204,dobie
54271,dobie
54175,dobie
54229,dobie
54275,dobie
54341,dobie
54025,dobie
54096,dobie
54330,dobie
54345,dobie
54156,dobie
53905,dobie
54312,dobie
54376,dobie
54101,dobie
54407,dobie
53975,dobie
54142,dobie
54012,dobie
54317,dobie
54052,dobie
54205,dobie
54053,dobie
54162,dobie
54152,dobie
54049,dobie
54210,dobie
54211,dobie
53877,dobie
54013,dobie
53958,dobie
54102,dobie
54048,dobie
53940,dobie
54377,dobie
54298,dobie
54455,dobie
54150,dobie
54364,dobie
54438,dobie
54066,dobie
54218,dobie
54365,dobie
53878,dobie
54255,dobie
53997,dobie
54267,dobie
54268,dobie
54026,dobie
54143,dobie
53887,dobie
53884,dobie
53879,dobie
53916,dobie
53902,dobie
53917,dobie
54198,dobie
54163,dobie
53899,dobie
53904,dobie
54193,dobie
53876,dobie
54206,dobie
53987,dobie
54335,dobie
54058,dobie
54043,dobie
54054,dobie
53927,dobie
54081,dobie
54297,dobie
54187,dobie
53909,dobie
53907,dobie
54077,dobie
53881,dobie
54062,dobie
53859,dobie
54182,dobie
53869,dobie
54042,dobie
53912,dobie
54442,dobie
53921,dobie
53922,dobie
54057,dobie
54087,dobie
54009,dobie
54035,dobie
54082,dobie
54353,dobie
53874,dobie
54036,dobie
53862,dobie
53981,dobie
53983,dobie
53863,dobie
53918,dobie
54041,dobie
54221,dobie
54065,dobie
54249,dobie
53959,dobie
54040,dobie
54078,dobie
54076,dobie
54088,dobie
54070,dobie
54199,dobie
54030,dobie
53960,dobie
54063,dobie
54110,dobie
53870,dobie
54045,dobie
53896,dobie
54119,dobie
54055,dobie
54400,dobie
54443,dobie
54083,dobie
54089,dobie
54264,dobie
53928,dobie
53911,dobie
53961,dobie
54059,dobie
53903,dobie
53882,dobie
54342,dobie
53945,dobie
54153,dobie
53908,dobie
54046,dobie
54069,dobie
54439,dobie
53890,dobie
53873,dobie
54071,dobie
54031,dobie
53897,dobie
54194,dobie
54192,dobie
54457,dobie
54458,dobie
53864,dobie
54463,dobie
54459,dobie
54460,dobie
54461,dobie
54464,dobie
54462,dobie
54072,dobie
54022,dobie
53906,dobie
53924,dobie
53923,dobie
54064,dobie
54276,dobie
54200,dobie
53929,dobie
53910,dobie
54084,dobie
53930,dobie
54037,dobie
54168,dobie
54169,dobie
54389,dobie
54144,dobie
54032,dobie
54294,dobie
54222,dobie
54299,dobie
54427,dobie
53898,dobie
54336,dobie
53986,dobie
54188,dobie
54300,dobie
54095,dobie
54384,dobie
54370,dobie
54232,dobie
53988,dobie
54212,dobie
53989,dobie
54056,dobie
54261,dobie
54262,dobie
53941,dobie
54269,dobie
54106,dobie
54107,dobie
53892,dobie
54354,dobie
54244,dobie
53964,dobie
54250,dobie
53965,dobie
54359,dobie
54456,dobie
54348,dobie
54288,dobie
54444,dobie
54401,dobie
54323,dobie
54318,dobie
54402,dobie
54378,dobie
54366,dobie
54418,dobie
54256,dobie
53982,dobie
54176,dobie
54306,dobie
54390,dobie
53942,dobie
54270,dobie
54360,dobie
54120,dobie
54108,dobie
54819,hayes
54857,hayes
54913,hayes
54561,hayes
54562,hayes
54875,hayes
54914,hayes
54925,hayes
54563,hayes
54884,hayes
54997,hayes
54915,hayes
54578,hayes
54973,hayes
55040,hayes
54820,hayes
54549,hayes
54513,hayes
54531,hayes
54801,hayes
54789,hayes
54584,hayes
54525,hayes
54949,hayes
54837,hayes
54899,hayes
54889,hayes
54622,hayes
54543,hayes
55057,hayes
55021,hayes
54505,hayes
54979,hayes
54662,hayes
54937,hayes
54590,hayes
54605,hayes
54895,hayes
54579,hayes
54958,hayes
54950,hayes
54745,hayes
55020,hayes
54602,hayes
55041,hayes
54680,hayes
54650,hayes
54980,hayes
54777,hayes
54501,hayes
55033,hayes
54967,hayes
54512,hayes
54727,hayes
54580,hayes
54735,hayes
54901,hayes
54991,hayes
54537,hayes
54626,hayes
54705,hayes
54685,hayes
54703,hayes
54845,hayes
55022,hayes
54955,hayes
55007,hayes
54943,hayes
54863,hayes
55080,hayes
55008,hayes
54864,hayes
55034,hayes
54902,hayes
54757,hayes
54506,hayes
54825,hayes
54574,hayes
55045,hayes
54851,hayes
54992,hayes
54547,hayes
54836,hayes
55063,hayes
55058,hayes
54627,hayes
54846,hayes
54610,hayes
54639,hayes
54548,hayes
54907,hayes
54974,hayes
54736,hayes
55031,hayes
54737,hayes
54691,hayes
54998,hayes
54921,hayes
54852,hayes
54470,hayes
54728,hayes
54588,hayes
54951,hayes
54896,hayes
54890,hayes
54596,hayes
54908,hayes
54733,hayes
54961,hayes
54729,hayes
54544,hayes
55032,hayes
54741,hayes
54926,hayes
54807,hayes
55003,hayes
54672,hayes
55046,hayes
54628,hayes
54538,hayes
54640,hayes
54742,hayes
55004,hayes
54483,hayes
54813,hayes
54603,hayes
54555,hayes
54616,hayes
54763,hayes
54769,hayes
54500,hayes
54821,hayes
55015,hayes
54704,hayes
54847,hayes
54778,hayes
54897,hayes
54556,hayes
55035,hayes
54826,hayes
54962,hayes
54891,hayes
54931,hayes
54589,hayes
54783,hayes
54795,hayes
55059,hayes
54968,hayes
54739,hayes
54702,hayes
54723,hayes
54645,hayes
54738,hayes
54853,hayes
54858,hayes
54606,hayes
54983,hayes
54629,hayes
55042,hayes
55016,hayes
54550,hayes
54782,hayes
54566,hayes
54759,hayes
54641,hayes
54551,hayes
54630,hayes
54871,hayes
54567,hayes
54790,hayes
55060,hayes
54892,hayes
54944,hayes
54959,hayes
55036,hayes
54952,hayes
54981,hayes
54956,hayes
55037,hayes
54746,hayes
55043,hayes
54802,hayes
54617,hayes
54885,hayes
54730,hayes
55027,hayes
54808,hayes
54796,hayes
55005,hayes
54635,hayes
54697,hayes
54916,hayes
54618,hayes
54747,hayes
54575,hayes
54993,hayes
54923,hayes
54709,hayes
54938,hayes
54715,hayes
54898,hayes
54716,hayes
54848,hayes
54480,hayes
54766,hayes
54656,hayes
54886,hayes
54564,hayes
54770,hayes
54545,hayes
54692,hayes
55023,hayes
54631,hayes
54784,hayes
54932,hayes
54917,hayes
54651,hayes
54985,hayes
54497,hayes
54607,hayes
54613,hayes
54999,hayes
54927,hayes
54945,hayes
54604,hayes
54743,hayes
54760,hayes
54939,hayes
54893,hayes
54611,hayes
54946,hayes
54933,hayes
54761,hayes
54869,hayes
55009,hayes
54776,hayes
55010,hayes
54785,hayes
54835,hayes
54581,hayes
54903,hayes
54619,hayes
54526,hayes
54679,hayes
54904,hayes
54928,hayes
54920,hayes
54894,hayes
54969,hayes
55044,hayes
54842,hayes
55064,hayes
55028,hayes
54767,hayes
54469,hayes
54865,hayes
54487,hayes
54922,hayes
55065,hayes
54984,hayes
54970,hayes
54632,hayes
54620,hayes
54558,hayes
55017,hayes
54791,hayes
54582,hayes
54859,hayes
55061,hayes
54495,hayes
54472,hayes
54797,hayes
54532,hayes
54975,hayes
54854,hayes
54608,hayes
54843,hayes
55077,hayes
55047,hayes
54838,hayes
54591,hayes
54623,hayes
54527,hayes
54565,hayes
54831,hayes
54721,hayes
54827,hayes
54940,hayes
54751,hayes
54711,hayes
54986,hayes
54934,hayes
54546,hayes
54612,hayes
54748,hayes
54994,hayes
55024,hayes
54633,hayes
54771,hayes
55025,hayes
55066,hayes
54860,hayes
54673,hayes
54870,hayes
54559,hayes
54963,hayes
54740,hayes
54749,hayes
54786,hayes
54646,hayes
55078,hayes
54839,hayes
55079,hayes
54814,hayes
54698,hayes
54710,hayes
54503,hayes
54792,hayes
54597,hayes
54828,hayes
54560,hayes
54473,hayes
54798,hayes
54877,hayes
55000,hayes
55052,hayes
55026,hayes
54477,hayes
54498,hayes
55006,hayes
54855,hayes
54659,hayes
54919,hayes
54507,hayes
55029,hayes
54803,hayes
54585,hayes
55011,hayes
54478,hayes
54829,hayes
54878,hayes
55053,hayes
54706,hayes
54568,hayes
54866,hayes
54734,hayes
55018,hayes
54479,hayes
54615,hayes
55038,hayes
54636,hayes
55048,hayes
54484,hayes
54941,hayes
54752,hayes
54995,hayes
55049,hayes
54987,hayes
54663,hayes
54753,hayes
54793,hayes
54586,hayes
54758,hayes
54614,hayes
54936,hayes
54964,hayes
54712,hayes
54772,hayes
54686,hayes
54687,hayes
54724,hayes
54779,hayes
55062,hayes
54872,hayes
54849,hayes
54744,hayes
54905,hayes
54850,hayes
54750,hayes
54840,hayes
54773,hayes
54725,hayes
54815,hayes
54809,hayes
54583,hayes
54717,hayes
54492,hayes
54569,hayes
54726,hayes
54832,hayes
54592,hayes
54816,hayes
54883,hayes
54787,hayes
54841,hayes
54887,hayes
54953,hayes
54637,hayes
54708,hayes
54942,hayes
54957,hayes
54768,hayes
54517,hayes
54924,hayes
54988,hayes
54713,hayes
55019,hayes
54587,hayes
54754,hayes
54624,hayes
54929,hayes
54664,hayes
54817,hayes
54665,hayes
54774,hayes
54764,hayes
54661,hayes
54822,hayes
54823,hayes
54489,hayes
54625,hayes
54570,hayes
54714,hayes
54660,hayes
54552,hayes
54989,hayes
54910,hayes
55067,hayes
54762,hayes
54976,hayes
55050,hayes
54678,hayes
54830,hayes
54977,hayes
54490,hayes
54867,hayes
54609,hayes
54879,hayes
54880,hayes
54638,hayes
54755,hayes
54499,hayes
54496,hayes
54491,hayes
54528,hayes
54514,hayes
54529,hayes
54810,hayes
54775,hayes
54511,hayes
54516,hayes
54805,hayes
54488,hayes
54818,hayes
54599,hayes
54947,hayes
54670,hayes
54655,hayes
54666,hayes
54539,hayes
54693,hayes
54909,hayes
54799,hayes
54521,hayes
54519,hayes
54689,hayes
54493,hayes
54674,hayes
54471,hayes
54794,hayes
54481,hayes
54654,hayes
54524,hayes
55054,hayes
54533,hayes
54534,hayes
54669,hayes
54699,hayes
54621,hayes
54647,hayes
54694,hayes
54965,hayes
54486,hayes
54648,hayes
54474,hayes
54593,hayes
54595,hayes
54475,hayes
54530,hayes
54653,hayes
54833,hayes
54677,hayes
54861,hayes
54571,hayes
54652,hayes
54690,hayes
54688,hayes
54700,hayes
54682,hayes
54811,hayes
54642,hayes
54572,hayes
54675,hayes
54722,hayes
54482,hayes
54657,hayes
54508,hayes
54731,hayes
54667,hayes
55012,hayes
55055,hayes
54695,hayes
54701,hayes
54876,hayes
54540,hayes
54523,hayes
54573,hayes
54671,hayes
54515,hayes
54494,hayes
54954,hayes
54557,hayes
54765,hayes
54520,hayes
54658,hayes
54681,hayes
55051,hayes
54502,hayes
54485,hayes
54683,hayes
54643,hayes
54509,hayes
54806,hayes
54804,hayes
55069,hayes
55070,hayes
54476,hayes
55075,hayes
55071,hayes
55072,hayes
55073,hayes
55076,hayes
55074,hayes
54684,hayes
54634,hayes
54518,hayes
54536,hayes
54535,hayes
54676,hayes
54888,hayes
54812,hayes
54541,hayes
54522,hayes
54696,hayes
54542,hayes
54649,hayes
54780,hayes
54781,hayes
55001,hayes
54756,hayes
54644,hayes
54906,hayes
54834,hayes
54911,hayes
55039,hayes
54510,hayes
54948,hayes
54598,hayes
54800,hayes
54912,hayes
54707,hayes
54996,hayes
54982,hayes
54844,hayes
54600,hayes
54824,hayes
54601,hayes
54668,hayes
54873,hayes
54874,hayes
54553,hayes
54881,hayes
54718,hayes
54719,hayes
54504,hayes
54966,hayes
54856,hayes
54576,hayes
54862,hayes
54577,hayes
54971,hayes
55068,hayes
54960,hayes
54900,hayes
55056,hayes
55013,hayes
54935,hayes
54930,hayes
55014,hayes
54990,hayes
54978,hayes
55030,hayes
54868,hayes
54594,hayes
54788,hayes
54918,hayes
55002,hayes
54554,hayes
54882,hayes
54972,hayes
54732,hayes
54720,hayes
55431,yost
55469,yost
55525,yost
55173,yost
55174,yost
55487,yost
55526,yost
55537,yost
55175,yost
55496,yost
55609,yost
55527,yost
55190,yost
55585,yost
55652,yost
55432,yost
55161,yost
55125,yost
55143,yost
55413,yost
55401,yost
55196,yost
55137,yost
55561,yost
55449,yost
55511,yost
55501,yost
55234,yost
55155,yost
55669,yost
55633,yost
55117,yost
55591,yost
55274,yost
55549,yost
55202,yost
55217,yost
55507,yost
55191,yost
55570,yost
55562,yost
55357,yost
55632,yost
55214,yost
55653,yost
55292,yost
55262,yost
55592,yost
55389,yost
55113,yost
55645,yost
55579,yost
55124,yost
55339,yost
55192,yost
55347,yost
55513,yost
55603,yost
55149,yost
55238,yost
55317,yost
55297,yost
55315,yost
55457,yost
55634,yost
55567,yost
55619,yost
55555,yost
55475,yost
55692,yost
55620,yost
55476,yost
55646,yost
55514,yost
55369,yost
55118,yost
55437,yost
55186,yost
55657,yost
55463,yost
55604,yost
55159,yost
55448,yost
55675,yost
55670,yost
55239,yost
55458,yost
55222,yost
55251,yost
55160,yost
55519,yost
55586,yost
55348,yost
55643,yost
55349,yost
55303,yost
55610,yost
55533,yost
55464,yost
55082,yost
55340,yost
55200,yost
55563,yost
55508,yost
55502,yost
55208,yost
55520,yost
55345,yost
55573,yost
55341,yost
55156,yost
55644,yost
55353,yost
55538,yost
55419,yost
55615,yost
55284,yost
55658,yost
55240,yost
55150,yost
55252,yost
55354,yost
55616,yost
55095,yost
55425,yost
55215,yost
55167,yost
55228,yost
55375,yost
55381,yost
55112,yost
55433,yost
55627,yost
55316,yost
55459,yost
55390,yost
55509,yost
55168,yost
55647,yost
55438,yost
55574,yost
55503,yost
55543,yost
55201,yost
55395,yost
55407,yost
55671,yost
55580,yost
55351,yost
55314,yost
55335,yost
55257,yost
55350,yost
55465,yost
55470,yost
55218,yost
55595,yost
55241,yost
55654,yost
55628,yost
55162,yost
55394,yost
55178,yost
55371,yost
55253,yost
55163,yost
55242,yost
55483,yost
55179,yost
55402,yost
55672,yost
55504,yost
55556,yost
55571,yost
55648,yost
55564,yost
55593,yost
55568,yost
55649,yost
55358,yost
55655,yost
55414,yost
55229,yost
55497,yost
55342,yost
55639,yost
55420,yost
55408,yost
55617,yost
55247,yost
55309,yost
55528,yost
55230,yost
55359,yost
55187,yost
55605,yost
55535,yost
55321,yost
55550,yost
55327,yost
55510,yost
55328,yost
55460,yost
55092,yost
55378,yost
55268,yost
55498,yost
55176,yost
55382,yost
55157,yost
55304,yost
55635,yost
55243,yost
55396,yost
55544,yost
55529,yost
55263,yost
55597,yost
55109,yost
55219,yost
55225,yost
55611,yost
55539,yost
55557,yost
55216,yost
55355,yost
55372,yost
55551,yost
55505,yost
55223,yost
55558,yost
55545,yost
55373,yost
55481,yost
55621,yost
55388,yost
55622,yost
55397,yost
55447,yost
55193,yost
55515,yost
55231,yost
55138,yost
55291,yost
55516,yost
55540,yost
55532,yost
55506,yost
55581,yost
55656,yost
55454,yost
55676,yost
55640,yost
55379,yost
55081,yost
55477,yost
55099,yost
55534,yost
55677,yost
55596,yost
55582,yost
55244,yost
55232,yost
55170,yost
55629,yost
55403,yost
55194,yost
55471,yost
55673,yost
55107,yost
55084,yost
55409,yost
55144,yost
55587,yost
55466,yost
55220,yost
55455,yost
55689,yost
55659,yost
55450,yost
55203,yost
55235,yost
55139,yost
55177,yost
55443,yost
55333,yost
55439,yost
55552,yost
55363,yost
55323,yost
55598,yost
55546,yost
55158,yost
55224,yost
55360,yost
55606,yost
55636,yost
55245,yost
55383,yost
55637,yost
55678,yost
55472,yost
55285,yost
55482,yost
55171,yost
55575,yost
55352,yost
55361,yost
55398,yost
55258,yost
55690,yost
55451,yost
55691,yost
55426,yost
55310,yost
55322,yost
55115,yost
55404,yost
55209,yost
55440,yost
55172,yost
55085,yost
55410,yost
55489,yost
55612,yost
55664,yost
55638,yost
55089,yost
55110,yost
55618,yost
55467,yost
55271,yost
55531,yost
55119,yost
55641,yost
55415,yost
55197,yost
55623,yost
55090,yost
55441,yost
55490,yost
55665,yost
55318,yost
55180,yost
55478,yost
55346,yost
55630,yost
55091,yost
55227,yost
55650,yost
55248,yost
55660,yost
55096,yost
55553,yost
55364,yost
55607,yost
55661,yost
55599,yost
55275,yost
55365,yost
55405,yost
55198,yost
55370,yost
55226,yost
55548,yost
55576,yost
55324,yost
55384,yost
55298,yost
55299,yost
55336,yost
55391,yost
55674,yost
55484,yost
55461,yost
55356,yost
55517,yost
55462,yost
55362,yost
55452,yost
55385,yost
55337,yost
55427,yost
55421,yost
55195,yost
55329,yost
55104,yost
55181,yost
55338,yost
55444,yost
55204,yost
55428,yost
55495,yost
55399,yost
55453,yost
55499,yost
55565,yost
55249,yost
55320,yost
55554,yost
55569,yost
55380,yost
55129,yost
55536,yost
55600,yost
55325,yost
55631,yost
55199,yost
55366,yost
55236,yost
55541,yost
55276,yost
55429,yost
55277,yost
55386,yost
55376,yost
55273,yost
55434,yost
55435,yost
55101,yost
55237,yost
55182,yost
55326,yost
55272,yost
55164,yost
55601,yost
55522,yost
55679,yost
55374,yost
55588,yost
55662,yost
55290,yost
55442,yost
55589,yost
55102,yost
55479,yost
55221,yost
55491,yost
55492,yost
55250,yost
55367,yost
55111,yost
55108,yost
55103,yost
55140,yost
55126,yost
55141,yost
55422,yost
55387,yost
55123,yost
55128,yost
55417,yost
55100,yost
55430,yost
55211,yost
55559,yost
55282,yost
55267,yost
55278,yost
55151,yost
55305,yost
55521,yost
55411,yost
55133,yost
55131,yost
55301,yost
55105,yost
55286,yost
55083,yost
55406,yost
55093,yost
55266,yost
55136,yost
55666,yost
55145,yost
55146,yost
55281,yost
55311,yost
55233,yost
55259,yost
55306,yost
55577,yost
55098,yost
55260,yost
55086,yost
55205,yost
55207,yost
55087,yost
55142,yost
55265,yost
55445,yost
55289,yost
55473,yost
55183,yost
55264,yost
55302,yost
55300,yost
55312,yost
55294,yost
55423,yost
55254,yost
55184,yost
55287,yost
55334,yost
55094,yost
55269,yost
55120,yost
55343,yost
55279,yost
55624,yost
55667,yost
55307,yost
55313,yost
55488,yost
55152,yost
55135,yost
55185,yost
55283,yost
55127,yost
55106,yost
55566,yost
55169,yost
55377,yost
55132,yost
55270,yost
55293,yost
55663,yost
55114,yost
55097,yost
55295,yost
55255,yost
55121,yost
55418,yost
55416,yost
55681,yost
55682,yost
55088,yost
55687,yost
55683,yost
55684,yost
55685,yost
55688,yost
55686,yost
55296,yost
55246,yost
55130,yost
55148,yost
55147,yost
55288,yost
55500,yost
55424,yost
55153,yost
55134,yost
55308,yost
55154,yost
55261,yost
55392,yost
55393,yost
55613,yost
55368,yost
55256,yost
55518,yost
55446,yost
55523,yost
55651,yost
55122,yost
55560,yost
55210,yost
55412,yost
55524,yost
55319,yost
55608,yost
55594,yost
55456,yost
55212,yost
55436,yost
55213,yost
55280,yost
55485,yost
55486,yost
55165,yost
55493,yost
55330,yost
55331,yost
55116,yost
55578,yost
55468,yost
55188,yost
55474,yost
55189,yost
55583,yost
55680,yost
55572,yost
55512,yost
55668,yost
55625,yost
55547,yost
55542,yost
55626,yost
55602,yost
55590,yost
55642,yost
55480,yost
55206,yost
55400,yost
55530,yost
55614,yost
55166,yost
55494,yost
55584,yost
55344,yost
55332,yost
